id,width,height,url,photographer,photographer_url,photographer_id,avg_color,original,large2x,large,medium,small,portrait,landscape,tiny,liked,alt
25068164,5184,3342,https://www.pexels.com/photo/wicker-basket-with-bread-25068164/,Giovanna Kamimura,https://www.pexels.com/@giovanna-kamimura-399616174,399616174,#8B7E6D,https://images.pexels.com/photos/25068164/pexels-photo-25068164.jpeg,https://images.pexels.com/photos/25068164/pexels-photo-25068164.jpeg?auto=compress&cs=tinysrgb&dpr=2&h=650&w=940,https://images.pexels.com/photos/25068164/pexels-photo-25068164.jpeg?auto=compress&cs=tinysrgb&h=650&w=940,https://images.pexels.com/photos/25068164/pexels-photo-25068164.jpeg?auto=compress&cs=tinysrgb&h=350,https://images.pexels.com/photos/25068164/pexels-photo-25068164.jpeg?auto=compress&cs=tinysrgb&h=130,https://images.pexels.com/photos/25068164/pexels-photo-25068164.jpeg?auto=compress&cs=tinysrgb&fit=crop&h=1200&w=800,https://images.pexels.com/photos/25068164/pexels-photo-25068164.jpeg?auto=compress&cs=tinysrgb&fit=crop&h=627&w=1200,https://images.pexels.com/photos/25068164/pexels-photo-25068164.jpeg?auto=compress&cs=tinysrgb&dpr=1&fit=crop&h=200&w=280,FALSE,"Delicious artisan bread loaves with powdered sugar in a wicker basket, perfect for bakery displays."
30350360,4092,6135,https://www.pexels.com/photo/close-up-of-freshly-baked-artisan-bread-loaves-30350360/,Anthony Rahayel,https://www.pexels.com/@anthony-rahayel-125801377,125801377,#624F48,https://images.pexels.com/photos/30350360/pexels-photo-30350360.jpeg,https://images.pexels.com/photos/30350360/pexels-photo-30350360.jpeg?auto=compress&cs=tinysrgb&dpr=2&h=650&w=940,https://images.pexels.com/photos/30350360/pexels-photo-30350360.jpeg?auto=compress&cs=tinysrgb&h=650&w=940,https://images.pexels.com/photos/30350360/pexels-photo-30350360.jpeg?auto=compress&cs=tinysrgb&h=350,https://images.pexels.com/photos/30350360/pexels-photo-30350360.jpeg?auto=compress&cs=tinysrgb&h=130,https://images.pexels.com/photos/30350360/pexels-photo-30350360.jpeg?auto=compress&cs=tinysrgb&fit=crop&h=1200&w=800,https://images.pexels.com/photos/30350360/pexels-photo-30350360.jpeg?auto=compress&cs=tinysrgb&fit=crop&h=627&w=1200,https://images.pexels.com/photos/30350360/pexels-photo-30350360.jpeg?auto=compress&cs=tinysrgb&dpr=1&fit=crop&h=200&w=280,FALSE,"Crispy golden-brown artisan bread loaves fresh from the oven, capturing rustic texture."
28826563,2560,3840,https://www.pexels.com/photo/fresh-artisan-bread-display-in-bakery-window-28826563/,Ebahir,https://www.pexels.com/@ebahir,1173285862,#795839,https://images.pexels.com/photos/28826563/pexels-photo-28826563.jpeg,https://images.pexels.com/photos/28826563/pexels-photo-28826563.jpeg?auto=compress&cs=tinysrgb&dpr=2&h=650&w=940,https://images.pexels.com/photos/28826563/pexels-photo-28826563.jpeg?auto=compress&cs=tinysrgb&h=650&w=940,https://images.pexels.com/photos/28826563/pexels-photo-28826563.jpeg?auto=compress&cs=tinysrgb&h=350,https://images.pexels.com/photos/28826563/pexels-photo-28826563.jpeg?auto=compress&cs=tinysrgb&h=130,https://images.pexels.com/photos/28826563/pexels-photo-28826563.jpeg?auto=compress&cs=tinysrgb&fit=crop&h=1200&w=800,https://images.pexels.com/photos/28826563/pexels-photo-28826563.jpeg?auto=compress&cs=tinysrgb&fit=crop&h=627&w=1200,https://images.pexels.com/photos/28826563/pexels-photo-28826563.jpeg?auto=compress&cs=tinysrgb&dpr=1&fit=crop&h=200&w=280,FALSE,A rustic display of fresh artisan bread loaves in a bakery window setting.
30884568,5756,3837,https://www.pexels.com/photo/freshly-baked-artisan-bread-rolls-in-berlin-bakery-30884568/,Travel with  Lenses,https://www.pexels.com/@travel-with-lenses-734723610,734723610,#53310C,https://images.pexels.com/photos/30884568/pexels-photo-30884568.jpeg,https://images.pexels.com/photos/30884568/pexels-photo-30884568.jpeg?auto=compress&cs=tinysrgb&dpr=2&h=650&w=940,https://images.pexels.com/photos/30884568/pexels-photo-30884568.jpeg?auto=compress&cs=tinysrgb&h=650&w=940,https://images.pexels.com/photos/30884568/pexels-photo-30884568.jpeg?auto=compress&cs=tinysrgb&h=350,https://images.pexels.com/photos/30884568/pexels-photo-30884568.jpeg?auto=compress&cs=tinysrgb&h=130,https://images.pexels.com/photos/30884568/pexels-photo-30884568.jpeg?auto=compress&cs=tinysrgb&fit=crop&h=1200&w=800,https://images.pexels.com/photos/30884568/pexels-photo-30884568.jpeg?auto=compress&cs=tinysrgb&fit=crop&h=627&w=1200,https://images.pexels.com/photos/30884568/pexels-photo-30884568.jpeg?auto=compress&cs=tinysrgb&dpr=1&fit=crop&h=200&w=280,FALSE,"Delicious artisan bread rolls displayed in a Berlin bakery, showcasing their rustic texture and quality."
36169353,4284,5712,https://www.pexels.com/photo/freshly-baked-artisan-bread-loaves-36169353/,Ervasa,https://www.pexels.com/@ervasa-601326755,601326755,#846F5A,https://images.pexels.com/photos/36169353/pexels-photo-36169353.jpeg,https://images.pexels.com/photos/36169353/pexels-photo-36169353.jpeg?auto=compress&cs=tinysrgb&dpr=2&h=650&w=940,https://images.pexels.com/photos/36169353/pexels-photo-36169353.jpeg?auto=compress&cs=tinysrgb&h=650&w=940,https://images.pexels.com/photos/36169353/pexels-photo-36169353.jpeg?auto=compress&cs=tinysrgb&h=350,https://images.pexels.com/photos/36169353/pexels-photo-36169353.jpeg?auto=compress&cs=tinysrgb&h=130,https://images.pexels.com/photos/36169353/pexels-photo-36169353.jpeg?auto=compress&cs=tinysrgb&fit=crop&h=1200&w=800,https://images.pexels.com/photos/36169353/pexels-photo-36169353.jpeg?auto=compress&cs=tinysrgb&fit=crop&h=627&w=1200,https://images.pexels.com/photos/36169353/pexels-photo-36169353.jpeg?auto=compress&cs=tinysrgb&dpr=1&fit=crop&h=200&w=280,FALSE,"Delicious artisan bread loaves stacked on shelves in a bakery, showcasing crusty textures."
34936588,4536,6048,https://www.pexels.com/photo/artisan-baguettes-in-bakery-display-34936588/,Jonny Phan,https://www.pexels.com/@jonny-phan-2156582582,2156582582,#996C43,https://images.pexels.com/photos/34936588/pexels-photo-34936588.jpeg,https://images.pexels.com/photos/34936588/pexels-photo-34936588.jpeg?auto=compress&cs=tinysrgb&dpr=2&h=650&w=940,https://images.pexels.com/photos/34936588/pexels-photo-34936588.jpeg?auto=compress&cs=tinysrgb&h=650&w=940,https://images.pexels.com/photos/34936588/pexels-photo-34936588.jpeg?auto=compress&cs=tinysrgb&h=350,https://images.pexels.com/photos/34936588/pexels-photo-34936588.jpeg?auto=compress&cs=tinysrgb&h=130,https://images.pexels.com/photos/34936588/pexels-photo-34936588.jpeg?auto=compress&cs=tinysrgb&fit=crop&h=1200&w=800,https://images.pexels.com/photos/34936588/pexels-photo-34936588.jpeg?auto=compress&cs=tinysrgb&fit=crop&h=627&w=1200,https://images.pexels.com/photos/34936588/pexels-photo-34936588.jpeg?auto=compress&cs=tinysrgb&dpr=1&fit=crop&h=200&w=280,FALSE,Close-up of freshly baked golden baguettes stacked in a bakery for sale.
30350362,8192,5464,https://www.pexels.com/photo/close-up-of-freshly-baked-artisan-bread-loaves-30350362/,Anthony Rahayel,https://www.pexels.com/@anthony-rahayel-125801377,125801377,#5A3D2F,https://images.pexels.com/photos/30350362/pexels-photo-30350362.jpeg,https://images.pexels.com/photos/30350362/pexels-photo-30350362.jpeg?auto=compress&cs=tinysrgb&dpr=2&h=650&w=940,https://images.pexels.com/photos/30350362/pexels-photo-30350362.jpeg?auto=compress&cs=tinysrgb&h=650&w=940,https://images.pexels.com/photos/30350362/pexels-photo-30350362.jpeg?auto=compress&cs=tinysrgb&h=350,https://images.pexels.com/photos/30350362/pexels-photo-30350362.jpeg?auto=compress&cs=tinysrgb&h=130,https://images.pexels.com/photos/30350362/pexels-photo-30350362.jpeg?auto=compress&cs=tinysrgb&fit=crop&h=1200&w=800,https://images.pexels.com/photos/30350362/pexels-photo-30350362.jpeg?auto=compress&cs=tinysrgb&fit=crop&h=627&w=1200,https://images.pexels.com/photos/30350362/pexels-photo-30350362.jpeg?auto=compress&cs=tinysrgb&dpr=1&fit=crop&h=200&w=280,FALSE,"Fresh artisan bread loaves straight from the oven, highlighting crispy crusts."
30785735,4000,6000,https://www.pexels.com/photo/rustic-multigrain-bread-with-cherry-tomatoes-30785735/,Beyza Yalçın,https://www.pexels.com/@beyza-yalcin-153182170,153182170,#523F2E,https://images.pexels.com/photos/30785735/pexels-photo-30785735.jpeg,https://images.pexels.com/photos/30785735/pexels-photo-30785735.jpeg?auto=compress&cs=tinysrgb&dpr=2&h=650&w=940,https://images.pexels.com/photos/30785735/pexels-photo-30785735.jpeg?auto=compress&cs=tinysrgb&h=650&w=940,https://images.pexels.com/photos/30785735/pexels-photo-30785735.jpeg?auto=compress&cs=tinysrgb&h=350,https://images.pexels.com/photos/30785735/pexels-photo-30785735.jpeg?auto=compress&cs=tinysrgb&h=130,https://images.pexels.com/photos/30785735/pexels-photo-30785735.jpeg?auto=compress&cs=tinysrgb&fit=crop&h=1200&w=800,https://images.pexels.com/photos/30785735/pexels-photo-30785735.jpeg?auto=compress&cs=tinysrgb&fit=crop&h=627&w=1200,https://images.pexels.com/photos/30785735/pexels-photo-30785735.jpeg?auto=compress&cs=tinysrgb&dpr=1&fit=crop&h=200&w=280,FALSE,"Freshly baked multigrain bread with cherry tomatoes, captured in an artistic setting."
30537789,6240,4160,https://www.pexels.com/photo/freshly-baked-artisan-bread-and-rolls-on-wooden-board-30537789/,Christina & Peter,https://www.pexels.com/@christina99999,940909194,#A46C3B,https://images.pexels.com/photos/30537789/pexels-photo-30537789.jpeg,https://images.pexels.com/photos/30537789/pexels-photo-30537789.jpeg?auto=compress&cs=tinysrgb&dpr=2&h=650&w=940,https://images.pexels.com/photos/30537789/pexels-photo-30537789.jpeg?auto=compress&cs=tinysrgb&h=650&w=940,https://images.pexels.com/photos/30537789/pexels-photo-30537789.jpeg?auto=compress&cs=tinysrgb&h=350,https://images.pexels.com/photos/30537789/pexels-photo-30537789.jpeg?auto=compress&cs=tinysrgb&h=130,https://images.pexels.com/photos/30537789/pexels-photo-30537789.jpeg?auto=compress&cs=tinysrgb&fit=crop&h=1200&w=800,https://images.pexels.com/photos/30537789/pexels-photo-30537789.jpeg?auto=compress&cs=tinysrgb&fit=crop&h=627&w=1200,https://images.pexels.com/photos/30537789/pexels-photo-30537789.jpeg?auto=compress&cs=tinysrgb&dpr=1&fit=crop&h=200&w=280,FALSE,Artisan bread and golden rolls stacked elegantly on a bakery display.
1383908,5840,3893,https://www.pexels.com/photo/pile-of-baked-breads-1383908/,freestocks.org,https://www.pexels.com/@freestocks,592,#AF8664,https://images.pexels.com/photos/1383908/pexels-photo-1383908.jpeg,https://images.pexels.com/photos/1383908/pexels-photo-1383908.jpeg?auto=compress&cs=tinysrgb&dpr=2&h=650&w=940,https://images.pexels.com/photos/1383908/pexels-photo-1383908.jpeg?auto=compress&cs=tinysrgb&h=650&w=940,https://images.pexels.com/photos/1383908/pexels-photo-1383908.jpeg?auto=compress&cs=tinysrgb&h=350,https://images.pexels.com/photos/1383908/pexels-photo-1383908.jpeg?auto=compress&cs=tinysrgb&h=130,https://images.pexels.com/photos/1383908/pexels-photo-1383908.jpeg?auto=compress&cs=tinysrgb&fit=crop&h=1200&w=800,https://images.pexels.com/photos/1383908/pexels-photo-1383908.jpeg?auto=compress&cs=tinysrgb&fit=crop&h=627&w=1200,https://images.pexels.com/photos/1383908/pexels-photo-1383908.jpeg?auto=compress&cs=tinysrgb&dpr=1&fit=crop&h=200&w=280,FALSE,A stack of freshly baked rustic bread loaves on a wooden board. Perfect for bakery promotions.
6937427,2333,3500,https://www.pexels.com/photo/assorted-breads-over-wooden-board-6937427/,Anna Tarazevich,https://www.pexels.com/@anntarazevich,2871253,#A88F6A,https://images.pexels.com/photos/6937427/pexels-photo-6937427.jpeg,https://images.pexels.com/photos/6937427/pexels-photo-6937427.jpeg?auto=compress&cs=tinysrgb&dpr=2&h=650&w=940,https://images.pexels.com/photos/6937427/pexels-photo-6937427.jpeg?auto=compress&cs=tinysrgb&h=650&w=940,https://images.pexels.com/photos/6937427/pexels-photo-6937427.jpeg?auto=compress&cs=tinysrgb&h=350,https://images.pexels.com/photos/6937427/pexels-photo-6937427.jpeg?auto=compress&cs=tinysrgb&h=130,https://images.pexels.com/photos/6937427/pexels-photo-6937427.jpeg?auto=compress&cs=tinysrgb&fit=crop&h=1200&w=800,https://images.pexels.com/photos/6937427/pexels-photo-6937427.jpeg?auto=compress&cs=tinysrgb&fit=crop&h=627&w=1200,https://images.pexels.com/photos/6937427/pexels-photo-6937427.jpeg?auto=compress&cs=tinysrgb&dpr=1&fit=crop&h=200&w=280,FALSE,Close-up of various bread types including sliced white bread and sesame buns on a wooden board.
30826792,5712,4284,https://www.pexels.com/photo/artisan-sourdough-bread-display-in-bakery-30826792/,Magda Ehlers,https://www.pexels.com/@magda-ehlers-pexels,102775,#7F7367,https://images.pexels.com/photos/30826792/pexels-photo-30826792.jpeg,https://images.pexels.com/photos/30826792/pexels-photo-30826792.jpeg?auto=compress&cs=tinysrgb&dpr=2&h=650&w=940,https://images.pexels.com/photos/30826792/pexels-photo-30826792.jpeg?auto=compress&cs=tinysrgb&h=650&w=940,https://images.pexels.com/photos/30826792/pexels-photo-30826792.jpeg?auto=compress&cs=tinysrgb&h=350,https://images.pexels.com/photos/30826792/pexels-photo-30826792.jpeg?auto=compress&cs=tinysrgb&h=130,https://images.pexels.com/photos/30826792/pexels-photo-30826792.jpeg?auto=compress&cs=tinysrgb&fit=crop&h=1200&w=800,https://images.pexels.com/photos/30826792/pexels-photo-30826792.jpeg?auto=compress&cs=tinysrgb&fit=crop&h=627&w=1200,https://images.pexels.com/photos/30826792/pexels-photo-30826792.jpeg?auto=compress&cs=tinysrgb&dpr=1&fit=crop&h=200&w=280,FALSE,A collection of artisan sourdough loaves displayed in a rustic bakery setting.
30350350,8192,5464,https://www.pexels.com/photo/freshly-baked-artisan-bread-on-cooling-rack-30350350/,Anthony Rahayel,https://www.pexels.com/@anthony-rahayel-125801377,125801377,#877453,https://images.pexels.com/photos/30350350/pexels-photo-30350350.jpeg,https://images.pexels.com/photos/30350350/pexels-photo-30350350.jpeg?auto=compress&cs=tinysrgb&dpr=2&h=650&w=940,https://images.pexels.com/photos/30350350/pexels-photo-30350350.jpeg?auto=compress&cs=tinysrgb&h=650&w=940,https://images.pexels.com/photos/30350350/pexels-photo-30350350.jpeg?auto=compress&cs=tinysrgb&h=350,https://images.pexels.com/photos/30350350/pexels-photo-30350350.jpeg?auto=compress&cs=tinysrgb&h=130,https://images.pexels.com/photos/30350350/pexels-photo-30350350.jpeg?auto=compress&cs=tinysrgb&fit=crop&h=1200&w=800,https://images.pexels.com/photos/30350350/pexels-photo-30350350.jpeg?auto=compress&cs=tinysrgb&fit=crop&h=627&w=1200,https://images.pexels.com/photos/30350350/pexels-photo-30350350.jpeg?auto=compress&cs=tinysrgb&dpr=1&fit=crop&h=200&w=280,FALSE,Golden-brown artisan bread loaves cooling in a bakery kitchen.
34088834,3186,4780,https://www.pexels.com/photo/freshly-baked-rustic-loaf-on-wooden-paddle-34088834/,Samime Eroğlu,https://www.pexels.com/@samime-eroglu-852630836,852630836,#6B6356,https://images.pexels.com/photos/34088834/pexels-photo-34088834.jpeg,https://images.pexels.com/photos/34088834/pexels-photo-34088834.jpeg?auto=compress&cs=tinysrgb&dpr=2&h=650&w=940,https://images.pexels.com/photos/34088834/pexels-photo-34088834.jpeg?auto=compress&cs=tinysrgb&h=650&w=940,https://images.pexels.com/photos/34088834/pexels-photo-34088834.jpeg?auto=compress&cs=tinysrgb&h=350,https://images.pexels.com/photos/34088834/pexels-photo-34088834.jpeg?auto=compress&cs=tinysrgb&h=130,https://images.pexels.com/photos/34088834/pexels-photo-34088834.jpeg?auto=compress&cs=tinysrgb&fit=crop&h=1200&w=800,https://images.pexels.com/photos/34088834/pexels-photo-34088834.jpeg?auto=compress&cs=tinysrgb&fit=crop&h=627&w=1200,https://images.pexels.com/photos/34088834/pexels-photo-34088834.jpeg?auto=compress&cs=tinysrgb&dpr=1&fit=crop&h=200&w=280,FALSE,"Artisan bread loaf on a wooden paddle against rustic backdrop, showcasing craftsmanship in baking."
30785870,3364,6000,https://www.pexels.com/photo/artisanal-bread-loaf-on-rustic-flour-table-30785870/,Beyza Yalçın,https://www.pexels.com/@beyza-yalcin-153182170,153182170,#AF9886,https://images.pexels.com/photos/30785870/pexels-photo-30785870.jpeg,https://images.pexels.com/photos/30785870/pexels-photo-30785870.jpeg?auto=compress&cs=tinysrgb&dpr=2&h=650&w=940,https://images.pexels.com/photos/30785870/pexels-photo-30785870.jpeg?auto=compress&cs=tinysrgb&h=650&w=940,https://images.pexels.com/photos/30785870/pexels-photo-30785870.jpeg?auto=compress&cs=tinysrgb&h=350,https://images.pexels.com/photos/30785870/pexels-photo-30785870.jpeg?auto=compress&cs=tinysrgb&h=130,https://images.pexels.com/photos/30785870/pexels-photo-30785870.jpeg?auto=compress&cs=tinysrgb&fit=crop&h=1200&w=800,https://images.pexels.com/photos/30785870/pexels-photo-30785870.jpeg?auto=compress&cs=tinysrgb&fit=crop&h=627&w=1200,https://images.pexels.com/photos/30785870/pexels-photo-30785870.jpeg?auto=compress&cs=tinysrgb&dpr=1&fit=crop&h=200&w=280,FALSE,Crusty artisanal bread loaf on a flour-dusted rustic table in a cozy indoor setting.
30626950,6240,4160,https://www.pexels.com/photo/freshly-sliced-white-bread-in-basket-30626950/,Christina & Peter,https://www.pexels.com/@christina99999,940909194,#7F5F46,https://images.pexels.com/photos/30626950/pexels-photo-30626950.jpeg,https://images.pexels.com/photos/30626950/pexels-photo-30626950.jpeg?auto=compress&cs=tinysrgb&dpr=2&h=650&w=940,https://images.pexels.com/photos/30626950/pexels-photo-30626950.jpeg?auto=compress&cs=tinysrgb&h=650&w=940,https://images.pexels.com/photos/30626950/pexels-photo-30626950.jpeg?auto=compress&cs=tinysrgb&h=350,https://images.pexels.com/photos/30626950/pexels-photo-30626950.jpeg?auto=compress&cs=tinysrgb&h=130,https://images.pexels.com/photos/30626950/pexels-photo-30626950.jpeg?auto=compress&cs=tinysrgb&fit=crop&h=1200&w=800,https://images.pexels.com/photos/30626950/pexels-photo-30626950.jpeg?auto=compress&cs=tinysrgb&fit=crop&h=627&w=1200,https://images.pexels.com/photos/30626950/pexels-photo-30626950.jpeg?auto=compress&cs=tinysrgb&dpr=1&fit=crop&h=200&w=280,FALSE,"Close-up of sliced, fresh white bread in a basket, ideal for bakery-themed projects."
35638099,6238,4159,https://www.pexels.com/photo/freshly-baked-artisan-bread-on-wooden-shelf-35638099/,Ilo Frey,https://www.pexels.com/@couleur,1208853,#8C7668,https://images.pexels.com/photos/35638099/pexels-photo-35638099.jpeg,https://images.pexels.com/photos/35638099/pexels-photo-35638099.jpeg?auto=compress&cs=tinysrgb&dpr=2&h=650&w=940,https://images.pexels.com/photos/35638099/pexels-photo-35638099.jpeg?auto=compress&cs=tinysrgb&h=650&w=940,https://images.pexels.com/photos/35638099/pexels-photo-35638099.jpeg?auto=compress&cs=tinysrgb&h=350,https://images.pexels.com/photos/35638099/pexels-photo-35638099.jpeg?auto=compress&cs=tinysrgb&h=130,https://images.pexels.com/photos/35638099/pexels-photo-35638099.jpeg?auto=compress&cs=tinysrgb&fit=crop&h=1200&w=800,https://images.pexels.com/photos/35638099/pexels-photo-35638099.jpeg?auto=compress&cs=tinysrgb&fit=crop&h=627&w=1200,https://images.pexels.com/photos/35638099/pexels-photo-35638099.jpeg?auto=compress&cs=tinysrgb&dpr=1&fit=crop&h=200&w=280,FALSE,"Close-up of rustic, crusty loaf bread displayed on a wooden shelf."
30816633,4000,6000,https://www.pexels.com/photo/rustic-bread-loaf-with-cherry-tomatoes-in-istanbul-30816633/,Beyza Yalçın,https://www.pexels.com/@beyza-yalcin-153182170,153182170,#453D30,https://images.pexels.com/photos/30816633/pexels-photo-30816633.jpeg,https://images.pexels.com/photos/30816633/pexels-photo-30816633.jpeg?auto=compress&cs=tinysrgb&dpr=2&h=650&w=940,https://images.pexels.com/photos/30816633/pexels-photo-30816633.jpeg?auto=compress&cs=tinysrgb&h=650&w=940,https://images.pexels.com/photos/30816633/pexels-photo-30816633.jpeg?auto=compress&cs=tinysrgb&h=350,https://images.pexels.com/photos/30816633/pexels-photo-30816633.jpeg?auto=compress&cs=tinysrgb&h=130,https://images.pexels.com/photos/30816633/pexels-photo-30816633.jpeg?auto=compress&cs=tinysrgb&fit=crop&h=1200&w=800,https://images.pexels.com/photos/30816633/pexels-photo-30816633.jpeg?auto=compress&cs=tinysrgb&fit=crop&h=627&w=1200,https://images.pexels.com/photos/30816633/pexels-photo-30816633.jpeg?auto=compress&cs=tinysrgb&dpr=1&fit=crop&h=200&w=280,FALSE,"Freshly baked rustic bread with cherry tomatoes on a burlap cloth, perfect for food lovers."
15721860,3292,4389,https://www.pexels.com/photo/loaves-of-bread-in-a-bakery-15721860/,Damla Karaağaçlı,https://www.pexels.com/@damla-karaagacli-42037640,42037640,#25211E,https://images.pexels.com/photos/15721860/pexels-photo-15721860.jpeg,https://images.pexels.com/photos/15721860/pexels-photo-15721860.jpeg?auto=compress&cs=tinysrgb&dpr=2&h=650&w=940,https://images.pexels.com/photos/15721860/pexels-photo-15721860.jpeg?auto=compress&cs=tinysrgb&h=650&w=940,https://images.pexels.com/photos/15721860/pexels-photo-15721860.jpeg?auto=compress&cs=tinysrgb&h=350,https://images.pexels.com/photos/15721860/pexels-photo-15721860.jpeg?auto=compress&cs=tinysrgb&h=130,https://images.pexels.com/photos/15721860/pexels-photo-15721860.jpeg?auto=compress&cs=tinysrgb&fit=crop&h=1200&w=800,https://images.pexels.com/photos/15721860/pexels-photo-15721860.jpeg?auto=compress&cs=tinysrgb&fit=crop&h=627&w=1200,https://images.pexels.com/photos/15721860/pexels-photo-15721860.jpeg?auto=compress&cs=tinysrgb&dpr=1&fit=crop&h=200&w=280,FALSE,Tall racks filled with rows of freshly baked round loaves in an industrial bakery setting.
30767914,7008,4672,https://www.pexels.com/photo/assorted-artisan-bread-rolls-on-wooden-board-30767914/,Anh Nguyen,https://www.pexels.com/@anh-nguyen-517648218,517648218,#877569,https://images.pexels.com/photos/30767914/pexels-photo-30767914.jpeg,https://images.pexels.com/photos/30767914/pexels-photo-30767914.jpeg?auto=compress&cs=tinysrgb&dpr=2&h=650&w=940,https://images.pexels.com/photos/30767914/pexels-photo-30767914.jpeg?auto=compress&cs=tinysrgb&h=650&w=940,https://images.pexels.com/photos/30767914/pexels-photo-30767914.jpeg?auto=compress&cs=tinysrgb&h=350,https://images.pexels.com/photos/30767914/pexels-photo-30767914.jpeg?auto=compress&cs=tinysrgb&h=130,https://images.pexels.com/photos/30767914/pexels-photo-30767914.jpeg?auto=compress&cs=tinysrgb&fit=crop&h=1200&w=800,https://images.pexels.com/photos/30767914/pexels-photo-30767914.jpeg?auto=compress&cs=tinysrgb&fit=crop&h=627&w=1200,https://images.pexels.com/photos/30767914/pexels-photo-30767914.jpeg?auto=compress&cs=tinysrgb&dpr=1&fit=crop&h=200&w=280,FALSE,"A variety of artisan bread rolls arranged on a rustic wooden board, perfect for food displays."
11570660,2848,4288,https://www.pexels.com/photo/fresh-crunchy-bread-on-moss-11570660/,Gamroth Joerg,https://www.pexels.com/@insideportugal,199435979,#6E4D2C,https://images.pexels.com/photos/11570660/pexels-photo-11570660.jpeg,https://images.pexels.com/photos/11570660/pexels-photo-11570660.jpeg?auto=compress&cs=tinysrgb&dpr=2&h=650&w=940,https://images.pexels.com/photos/11570660/pexels-photo-11570660.jpeg?auto=compress&cs=tinysrgb&h=650&w=940,https://images.pexels.com/photos/11570660/pexels-photo-11570660.jpeg?auto=compress&cs=tinysrgb&h=350,https://images.pexels.com/photos/11570660/pexels-photo-11570660.jpeg?auto=compress&cs=tinysrgb&h=130,https://images.pexels.com/photos/11570660/pexels-photo-11570660.jpeg?auto=compress&cs=tinysrgb&fit=crop&h=1200&w=800,https://images.pexels.com/photos/11570660/pexels-photo-11570660.jpeg?auto=compress&cs=tinysrgb&fit=crop&h=627&w=1200,https://images.pexels.com/photos/11570660/pexels-photo-11570660.jpeg?auto=compress&cs=tinysrgb&dpr=1&fit=crop&h=200&w=280,FALSE,"Detailed close-up of fresh artisan bread loaves surrounded by herbs, showcasing crispy textures."
15009979,3401,4929,https://www.pexels.com/photo/bread-in-a-bakery-15009979/,Vladimir  Gladkov,https://www.pexels.com/@vovkapanda,11922532,#8A5D22,https://images.pexels.com/photos/15009979/pexels-photo-15009979.jpeg,https://images.pexels.com/photos/15009979/pexels-photo-15009979.jpeg?auto=compress&cs=tinysrgb&dpr=2&h=650&w=940,https://images.pexels.com/photos/15009979/pexels-photo-15009979.jpeg?auto=compress&cs=tinysrgb&h=650&w=940,https://images.pexels.com/photos/15009979/pexels-photo-15009979.jpeg?auto=compress&cs=tinysrgb&h=350,https://images.pexels.com/photos/15009979/pexels-photo-15009979.jpeg?auto=compress&cs=tinysrgb&h=130,https://images.pexels.com/photos/15009979/pexels-photo-15009979.jpeg?auto=compress&cs=tinysrgb&fit=crop&h=1200&w=800,https://images.pexels.com/photos/15009979/pexels-photo-15009979.jpeg?auto=compress&cs=tinysrgb&fit=crop&h=627&w=1200,https://images.pexels.com/photos/15009979/pexels-photo-15009979.jpeg?auto=compress&cs=tinysrgb&dpr=1&fit=crop&h=200&w=280,FALSE,Assorted fresh bread displayed on wooden shelves in a warm-lit bakery.
13422413,2961,1974,https://www.pexels.com/photo/close-up-photo-of-baked-goods-13422413/,Mateusz Feliksik,https://www.pexels.com/@mateusz-feliksik-1896604,1896604,#9B7336,https://images.pexels.com/photos/13422413/pexels-photo-13422413.jpeg,https://images.pexels.com/photos/13422413/pexels-photo-13422413.jpeg?auto=compress&cs=tinysrgb&dpr=2&h=650&w=940,https://images.pexels.com/photos/13422413/pexels-photo-13422413.jpeg?auto=compress&cs=tinysrgb&h=650&w=940,https://images.pexels.com/photos/13422413/pexels-photo-13422413.jpeg?auto=compress&cs=tinysrgb&h=350,https://images.pexels.com/photos/13422413/pexels-photo-13422413.jpeg?auto=compress&cs=tinysrgb&h=130,https://images.pexels.com/photos/13422413/pexels-photo-13422413.jpeg?auto=compress&cs=tinysrgb&fit=crop&h=1200&w=800,https://images.pexels.com/photos/13422413/pexels-photo-13422413.jpeg?auto=compress&cs=tinysrgb&fit=crop&h=627&w=1200,https://images.pexels.com/photos/13422413/pexels-photo-13422413.jpeg?auto=compress&cs=tinysrgb&dpr=1&fit=crop&h=200&w=280,FALSE,Close-up of assorted freshly baked bread rolls and baguette with sesame seeds on a baking tray.
32626985,3024,4032,https://www.pexels.com/photo/fresh-baked-ciabatta-bread-on-cooling-rack-32626985/,Julio Lima julio,https://www.pexels.com/@julio-lima-julio-1806567987,1806567987,#7C7771,https://images.pexels.com/photos/32626985/pexels-photo-32626985.jpeg,https://images.pexels.com/photos/32626985/pexels-photo-32626985.jpeg?auto=compress&cs=tinysrgb&dpr=2&h=650&w=940,https://images.pexels.com/photos/32626985/pexels-photo-32626985.jpeg?auto=compress&cs=tinysrgb&h=650&w=940,https://images.pexels.com/photos/32626985/pexels-photo-32626985.jpeg?auto=compress&cs=tinysrgb&h=350,https://images.pexels.com/photos/32626985/pexels-photo-32626985.jpeg?auto=compress&cs=tinysrgb&h=130,https://images.pexels.com/photos/32626985/pexels-photo-32626985.jpeg?auto=compress&cs=tinysrgb&fit=crop&h=1200&w=800,https://images.pexels.com/photos/32626985/pexels-photo-32626985.jpeg?auto=compress&cs=tinysrgb&fit=crop&h=627&w=1200,https://images.pexels.com/photos/32626985/pexels-photo-32626985.jpeg?auto=compress&cs=tinysrgb&dpr=1&fit=crop&h=200&w=280,FALSE,"Multiple ciabatta loaves cooling on a rack in a bakery, dusted with flour."
13373025,6240,4160,https://www.pexels.com/photo/freshly-baked-breads-on-white-surface-13373025/,Mateusz Feliksik,https://www.pexels.com/@mateusz-feliksik-1896604,1896604,#B8A07C,https://images.pexels.com/photos/13373025/pexels-photo-13373025.jpeg,https://images.pexels.com/photos/13373025/pexels-photo-13373025.jpeg?auto=compress&cs=tinysrgb&dpr=2&h=650&w=940,https://images.pexels.com/photos/13373025/pexels-photo-13373025.jpeg?auto=compress&cs=tinysrgb&h=650&w=940,https://images.pexels.com/photos/13373025/pexels-photo-13373025.jpeg?auto=compress&cs=tinysrgb&h=350,https://images.pexels.com/photos/13373025/pexels-photo-13373025.jpeg?auto=compress&cs=tinysrgb&h=130,https://images.pexels.com/photos/13373025/pexels-photo-13373025.jpeg?auto=compress&cs=tinysrgb&fit=crop&h=1200&w=800,https://images.pexels.com/photos/13373025/pexels-photo-13373025.jpeg?auto=compress&cs=tinysrgb&fit=crop&h=627&w=1200,https://images.pexels.com/photos/13373025/pexels-photo-13373025.jpeg?auto=compress&cs=tinysrgb&dpr=1&fit=crop&h=200&w=280,FALSE,A flat lay of various freshly baked breads showcasing texture and variety.
33658031,4000,6000,https://www.pexels.com/photo/freshly-baked-artisan-bread-on-rustic-paper-33658031/,Anhelina Vasylyk,https://www.pexels.com/@anhelina-vasylyk-734724285,734724285,#6A3B1F,https://images.pexels.com/photos/33658031/pexels-photo-33658031.jpeg,https://images.pexels.com/photos/33658031/pexels-photo-33658031.jpeg?auto=compress&cs=tinysrgb&dpr=2&h=650&w=940,https://images.pexels.com/photos/33658031/pexels-photo-33658031.jpeg?auto=compress&cs=tinysrgb&h=650&w=940,https://images.pexels.com/photos/33658031/pexels-photo-33658031.jpeg?auto=compress&cs=tinysrgb&h=350,https://images.pexels.com/photos/33658031/pexels-photo-33658031.jpeg?auto=compress&cs=tinysrgb&h=130,https://images.pexels.com/photos/33658031/pexels-photo-33658031.jpeg?auto=compress&cs=tinysrgb&fit=crop&h=1200&w=800,https://images.pexels.com/photos/33658031/pexels-photo-33658031.jpeg?auto=compress&cs=tinysrgb&fit=crop&h=627&w=1200,https://images.pexels.com/photos/33658031/pexels-photo-33658031.jpeg?auto=compress&cs=tinysrgb&dpr=1&fit=crop&h=200&w=280,FALSE,Freshly baked artisan bread loaf on rustic brown paper with a warm golden crust.
30596422,1728,3072,https://www.pexels.com/photo/freshly-baked-baguettes-in-a-traditional-bakery-30596422/,Zehra K.,https://www.pexels.com/@zehra-k-710717493,710717493,#241C1A,https://images.pexels.com/photos/30596422/pexels-photo-30596422.jpeg,https://images.pexels.com/photos/30596422/pexels-photo-30596422.jpeg?auto=compress&cs=tinysrgb&dpr=2&h=650&w=940,https://images.pexels.com/photos/30596422/pexels-photo-30596422.jpeg?auto=compress&cs=tinysrgb&h=650&w=940,https://images.pexels.com/photos/30596422/pexels-photo-30596422.jpeg?auto=compress&cs=tinysrgb&h=350,https://images.pexels.com/photos/30596422/pexels-photo-30596422.jpeg?auto=compress&cs=tinysrgb&h=130,https://images.pexels.com/photos/30596422/pexels-photo-30596422.jpeg?auto=compress&cs=tinysrgb&fit=crop&h=1200&w=800,https://images.pexels.com/photos/30596422/pexels-photo-30596422.jpeg?auto=compress&cs=tinysrgb&fit=crop&h=627&w=1200,https://images.pexels.com/photos/30596422/pexels-photo-30596422.jpeg?auto=compress&cs=tinysrgb&dpr=1&fit=crop&h=200&w=280,FALSE,Warm baguettes fresh from the oven inside a cozy bakery.
30785715,4000,6000,https://www.pexels.com/photo/rustic-bread-loaf-with-fresh-tomatoes-and-eggs-30785715/,Beyza Yalçın,https://www.pexels.com/@beyza-yalcin-153182170,153182170,#5A462B,https://images.pexels.com/photos/30785715/pexels-photo-30785715.jpeg,https://images.pexels.com/photos/30785715/pexels-photo-30785715.jpeg?auto=compress&cs=tinysrgb&dpr=2&h=650&w=940,https://images.pexels.com/photos/30785715/pexels-photo-30785715.jpeg?auto=compress&cs=tinysrgb&h=650&w=940,https://images.pexels.com/photos/30785715/pexels-photo-30785715.jpeg?auto=compress&cs=tinysrgb&h=350,https://images.pexels.com/photos/30785715/pexels-photo-30785715.jpeg?auto=compress&cs=tinysrgb&h=130,https://images.pexels.com/photos/30785715/pexels-photo-30785715.jpeg?auto=compress&cs=tinysrgb&fit=crop&h=1200&w=800,https://images.pexels.com/photos/30785715/pexels-photo-30785715.jpeg?auto=compress&cs=tinysrgb&fit=crop&h=627&w=1200,https://images.pexels.com/photos/30785715/pexels-photo-30785715.jpeg?auto=compress&cs=tinysrgb&dpr=1&fit=crop&h=200&w=280,FALSE,"Freshly baked rustic bread with tomatoes and eggs in a wicker basket, perfect for farm-to-table themes."
30816578,4000,5100,https://www.pexels.com/photo/rustic-loaf-and-cheese-tomato-bruschetta-30816578/,Beyza Yalçın,https://www.pexels.com/@beyza-yalcin-153182170,153182170,#5D3D24,https://images.pexels.com/photos/30816578/pexels-photo-30816578.jpeg,https://images.pexels.com/photos/30816578/pexels-photo-30816578.jpeg?auto=compress&cs=tinysrgb&dpr=2&h=650&w=940,https://images.pexels.com/photos/30816578/pexels-photo-30816578.jpeg?auto=compress&cs=tinysrgb&h=650&w=940,https://images.pexels.com/photos/30816578/pexels-photo-30816578.jpeg?auto=compress&cs=tinysrgb&h=350,https://images.pexels.com/photos/30816578/pexels-photo-30816578.jpeg?auto=compress&cs=tinysrgb&h=130,https://images.pexels.com/photos/30816578/pexels-photo-30816578.jpeg?auto=compress&cs=tinysrgb&fit=crop&h=1200&w=800,https://images.pexels.com/photos/30816578/pexels-photo-30816578.jpeg?auto=compress&cs=tinysrgb&fit=crop&h=627&w=1200,https://images.pexels.com/photos/30816578/pexels-photo-30816578.jpeg?auto=compress&cs=tinysrgb&dpr=1&fit=crop&h=200&w=280,FALSE,Artisan loaf with cheese and tomato bruschetta on wooden board.
12259559,5299,3533,https://www.pexels.com/photo/close-up-of-bread-buns-12259559/,Berkant .,https://www.pexels.com/@berkant,239178278,#A06D42,https://images.pexels.com/photos/12259559/pexels-photo-12259559.jpeg,https://images.pexels.com/photos/12259559/pexels-photo-12259559.jpeg?auto=compress&cs=tinysrgb&dpr=2&h=650&w=940,https://images.pexels.com/photos/12259559/pexels-photo-12259559.jpeg?auto=compress&cs=tinysrgb&h=650&w=940,https://images.pexels.com/photos/12259559/pexels-photo-12259559.jpeg?auto=compress&cs=tinysrgb&h=350,https://images.pexels.com/photos/12259559/pexels-photo-12259559.jpeg?auto=compress&cs=tinysrgb&h=130,https://images.pexels.com/photos/12259559/pexels-photo-12259559.jpeg?auto=compress&cs=tinysrgb&fit=crop&h=1200&w=800,https://images.pexels.com/photos/12259559/pexels-photo-12259559.jpeg?auto=compress&cs=tinysrgb&fit=crop&h=627&w=1200,https://images.pexels.com/photos/12259559/pexels-photo-12259559.jpeg?auto=compress&cs=tinysrgb&dpr=1&fit=crop&h=200&w=280,FALSE,"Freshly baked artisan bread with golden crust, perfect for bakeries and culinary websites."
30826793,5712,4284,https://www.pexels.com/photo/rustic-artisan-baguettes-at-bakery-30826793/,Magda Ehlers,https://www.pexels.com/@magda-ehlers-pexels,102775,#807061,https://images.pexels.com/photos/30826793/pexels-photo-30826793.jpeg,https://images.pexels.com/photos/30826793/pexels-photo-30826793.jpeg?auto=compress&cs=tinysrgb&dpr=2&h=650&w=940,https://images.pexels.com/photos/30826793/pexels-photo-30826793.jpeg?auto=compress&cs=tinysrgb&h=650&w=940,https://images.pexels.com/photos/30826793/pexels-photo-30826793.jpeg?auto=compress&cs=tinysrgb&h=350,https://images.pexels.com/photos/30826793/pexels-photo-30826793.jpeg?auto=compress&cs=tinysrgb&h=130,https://images.pexels.com/photos/30826793/pexels-photo-30826793.jpeg?auto=compress&cs=tinysrgb&fit=crop&h=1200&w=800,https://images.pexels.com/photos/30826793/pexels-photo-30826793.jpeg?auto=compress&cs=tinysrgb&fit=crop&h=627&w=1200,https://images.pexels.com/photos/30826793/pexels-photo-30826793.jpeg?auto=compress&cs=tinysrgb&dpr=1&fit=crop&h=200&w=280,FALSE,A display of freshly baked French baguettes in a rustic artisan bakery setting.
30624523,5720,3813,https://www.pexels.com/photo/freshly-baked-artisan-bread-with-flour-dusting-30624523/,Oktay Köseoğlu,https://www.pexels.com/@oktay-koseoglu-42034955,42034955,#503C23,https://images.pexels.com/photos/30624523/pexels-photo-30624523.jpeg,https://images.pexels.com/photos/30624523/pexels-photo-30624523.jpeg?auto=compress&cs=tinysrgb&dpr=2&h=650&w=940,https://images.pexels.com/photos/30624523/pexels-photo-30624523.jpeg?auto=compress&cs=tinysrgb&h=650&w=940,https://images.pexels.com/photos/30624523/pexels-photo-30624523.jpeg?auto=compress&cs=tinysrgb&h=350,https://images.pexels.com/photos/30624523/pexels-photo-30624523.jpeg?auto=compress&cs=tinysrgb&h=130,https://images.pexels.com/photos/30624523/pexels-photo-30624523.jpeg?auto=compress&cs=tinysrgb&fit=crop&h=1200&w=800,https://images.pexels.com/photos/30624523/pexels-photo-30624523.jpeg?auto=compress&cs=tinysrgb&fit=crop&h=627&w=1200,https://images.pexels.com/photos/30624523/pexels-photo-30624523.jpeg?auto=compress&cs=tinysrgb&dpr=1&fit=crop&h=200&w=280,FALSE,"Close-up of artisan bread loaves with flour on a dark surface, highlighting texture and freshness."
30918881,6721,4481,https://www.pexels.com/photo/fresh-artisan-bread-resting-in-wooden-racks-30918881/,Travel with  Lenses,https://www.pexels.com/@travel-with-lenses-734723610,734723610,#4A2B0F,https://images.pexels.com/photos/30918881/pexels-photo-30918881.jpeg,https://images.pexels.com/photos/30918881/pexels-photo-30918881.jpeg?auto=compress&cs=tinysrgb&dpr=2&h=650&w=940,https://images.pexels.com/photos/30918881/pexels-photo-30918881.jpeg?auto=compress&cs=tinysrgb&h=650&w=940,https://images.pexels.com/photos/30918881/pexels-photo-30918881.jpeg?auto=compress&cs=tinysrgb&h=350,https://images.pexels.com/photos/30918881/pexels-photo-30918881.jpeg?auto=compress&cs=tinysrgb&h=130,https://images.pexels.com/photos/30918881/pexels-photo-30918881.jpeg?auto=compress&cs=tinysrgb&fit=crop&h=1200&w=800,https://images.pexels.com/photos/30918881/pexels-photo-30918881.jpeg?auto=compress&cs=tinysrgb&fit=crop&h=627&w=1200,https://images.pexels.com/photos/30918881/pexels-photo-30918881.jpeg?auto=compress&cs=tinysrgb&dpr=1&fit=crop&h=200&w=280,FALSE,Close-up of artisanal bread loaves cooling on wooden racks in a Berlin bakery.
20400380,4023,6035,https://www.pexels.com/photo/bread-on-tray-20400380/,Gera Cejas,https://www.pexels.com/@gera-cejas-3616330,3616330,#786151,https://images.pexels.com/photos/20400380/pexels-photo-20400380.jpeg,https://images.pexels.com/photos/20400380/pexels-photo-20400380.jpeg?auto=compress&cs=tinysrgb&dpr=2&h=650&w=940,https://images.pexels.com/photos/20400380/pexels-photo-20400380.jpeg?auto=compress&cs=tinysrgb&h=650&w=940,https://images.pexels.com/photos/20400380/pexels-photo-20400380.jpeg?auto=compress&cs=tinysrgb&h=350,https://images.pexels.com/photos/20400380/pexels-photo-20400380.jpeg?auto=compress&cs=tinysrgb&h=130,https://images.pexels.com/photos/20400380/pexels-photo-20400380.jpeg?auto=compress&cs=tinysrgb&fit=crop&h=1200&w=800,https://images.pexels.com/photos/20400380/pexels-photo-20400380.jpeg?auto=compress&cs=tinysrgb&fit=crop&h=627&w=1200,https://images.pexels.com/photos/20400380/pexels-photo-20400380.jpeg?auto=compress&cs=tinysrgb&dpr=1&fit=crop&h=200&w=280,FALSE,"Fresh artisan sourdough loaves on display in a Buenos Aires bakery, highlighting rustic texture."
30884563,5008,3339,https://www.pexels.com/photo/assorted-artisan-bread-display-in-berlin-bakery-30884563/,Travel with  Lenses,https://www.pexels.com/@travel-with-lenses-734723610,734723610,#4D2607,https://images.pexels.com/photos/30884563/pexels-photo-30884563.jpeg,https://images.pexels.com/photos/30884563/pexels-photo-30884563.jpeg?auto=compress&cs=tinysrgb&dpr=2&h=650&w=940,https://images.pexels.com/photos/30884563/pexels-photo-30884563.jpeg?auto=compress&cs=tinysrgb&h=650&w=940,https://images.pexels.com/photos/30884563/pexels-photo-30884563.jpeg?auto=compress&cs=tinysrgb&h=350,https://images.pexels.com/photos/30884563/pexels-photo-30884563.jpeg?auto=compress&cs=tinysrgb&h=130,https://images.pexels.com/photos/30884563/pexels-photo-30884563.jpeg?auto=compress&cs=tinysrgb&fit=crop&h=1200&w=800,https://images.pexels.com/photos/30884563/pexels-photo-30884563.jpeg?auto=compress&cs=tinysrgb&fit=crop&h=627&w=1200,https://images.pexels.com/photos/30884563/pexels-photo-30884563.jpeg?auto=compress&cs=tinysrgb&dpr=1&fit=crop&h=200&w=280,FALSE,Rich selection of freshly baked artisan bread in a Berlin bakery shop.
30884566,6219,4146,https://www.pexels.com/photo/freshly-baked-bread-rolls-in-artisan-bakery-30884566/,Travel with  Lenses,https://www.pexels.com/@travel-with-lenses-734723610,734723610,#674424,https://images.pexels.com/photos/30884566/pexels-photo-30884566.jpeg,https://images.pexels.com/photos/30884566/pexels-photo-30884566.jpeg?auto=compress&cs=tinysrgb&dpr=2&h=650&w=940,https://images.pexels.com/photos/30884566/pexels-photo-30884566.jpeg?auto=compress&cs=tinysrgb&h=650&w=940,https://images.pexels.com/photos/30884566/pexels-photo-30884566.jpeg?auto=compress&cs=tinysrgb&h=350,https://images.pexels.com/photos/30884566/pexels-photo-30884566.jpeg?auto=compress&cs=tinysrgb&h=130,https://images.pexels.com/photos/30884566/pexels-photo-30884566.jpeg?auto=compress&cs=tinysrgb&fit=crop&h=1200&w=800,https://images.pexels.com/photos/30884566/pexels-photo-30884566.jpeg?auto=compress&cs=tinysrgb&fit=crop&h=627&w=1200,https://images.pexels.com/photos/30884566/pexels-photo-30884566.jpeg?auto=compress&cs=tinysrgb&dpr=1&fit=crop&h=200&w=280,FALSE,A collection of freshly baked bread rolls showcasing artisanal craftsmanship in a Berlin bakery.
8023989,4608,2592,https://www.pexels.com/photo/sliced-brown-bread-on-a-wooden-board-8023989/,Mateusz Feliksik,https://www.pexels.com/@mateusz-feliksik-1896604,1896604,#7D6E51,https://images.pexels.com/photos/8023989/pexels-photo-8023989.jpeg,https://images.pexels.com/photos/8023989/pexels-photo-8023989.jpeg?auto=compress&cs=tinysrgb&dpr=2&h=650&w=940,https://images.pexels.com/photos/8023989/pexels-photo-8023989.jpeg?auto=compress&cs=tinysrgb&h=650&w=940,https://images.pexels.com/photos/8023989/pexels-photo-8023989.jpeg?auto=compress&cs=tinysrgb&h=350,https://images.pexels.com/photos/8023989/pexels-photo-8023989.jpeg?auto=compress&cs=tinysrgb&h=130,https://images.pexels.com/photos/8023989/pexels-photo-8023989.jpeg?auto=compress&cs=tinysrgb&fit=crop&h=1200&w=800,https://images.pexels.com/photos/8023989/pexels-photo-8023989.jpeg?auto=compress&cs=tinysrgb&fit=crop&h=627&w=1200,https://images.pexels.com/photos/8023989/pexels-photo-8023989.jpeg?auto=compress&cs=tinysrgb&dpr=1&fit=crop&h=200&w=280,FALSE,"Close-up of freshly sliced healthy wheat bread on a wooden board, showcasing texture."
31009557,6000,4000,https://www.pexels.com/photo/freshly-baked-sliced-bread-loaf-close-up-31009557/,Arturo Añez.,https://www.pexels.com/@arturoaez225,26952428,#6A5E52,https://images.pexels.com/photos/31009557/pexels-photo-31009557.jpeg,https://images.pexels.com/photos/31009557/pexels-photo-31009557.jpeg?auto=compress&cs=tinysrgb&dpr=2&h=650&w=940,https://images.pexels.com/photos/31009557/pexels-photo-31009557.jpeg?auto=compress&cs=tinysrgb&h=650&w=940,https://images.pexels.com/photos/31009557/pexels-photo-31009557.jpeg?auto=compress&cs=tinysrgb&h=350,https://images.pexels.com/photos/31009557/pexels-photo-31009557.jpeg?auto=compress&cs=tinysrgb&h=130,https://images.pexels.com/photos/31009557/pexels-photo-31009557.jpeg?auto=compress&cs=tinysrgb&fit=crop&h=1200&w=800,https://images.pexels.com/photos/31009557/pexels-photo-31009557.jpeg?auto=compress&cs=tinysrgb&fit=crop&h=627&w=1200,https://images.pexels.com/photos/31009557/pexels-photo-31009557.jpeg?auto=compress&cs=tinysrgb&dpr=1&fit=crop&h=200&w=280,FALSE,Close-up of freshly baked and sliced bread loaf with a golden crust and soft interior.
29349524,4000,6000,https://www.pexels.com/photo/freshly-baked-bread-rolls-in-vietnamese-bakery-29349524/,Quân Nguyễn,https://www.pexels.com/@quan-nguy-n-1712492518,1712492518,#7B573D,https://images.pexels.com/photos/29349524/pexels-photo-29349524.jpeg,https://images.pexels.com/photos/29349524/pexels-photo-29349524.jpeg?auto=compress&cs=tinysrgb&dpr=2&h=650&w=940,https://images.pexels.com/photos/29349524/pexels-photo-29349524.jpeg?auto=compress&cs=tinysrgb&h=650&w=940,https://images.pexels.com/photos/29349524/pexels-photo-29349524.jpeg?auto=compress&cs=tinysrgb&h=350,https://images.pexels.com/photos/29349524/pexels-photo-29349524.jpeg?auto=compress&cs=tinysrgb&h=130,https://images.pexels.com/photos/29349524/pexels-photo-29349524.jpeg?auto=compress&cs=tinysrgb&fit=crop&h=1200&w=800,https://images.pexels.com/photos/29349524/pexels-photo-29349524.jpeg?auto=compress&cs=tinysrgb&fit=crop&h=627&w=1200,https://images.pexels.com/photos/29349524/pexels-photo-29349524.jpeg?auto=compress&cs=tinysrgb&dpr=1&fit=crop&h=200&w=280,FALSE,"Golden fresh bread rolls arranged in a basket at a bakery in Hồ Chí Minh, Vietnam."
30816655,2336,3504,https://www.pexels.com/photo/artisan-bread-with-cheese-and-tomato-on-rustic-board-30816655/,Beyza Yalçın,https://www.pexels.com/@beyza-yalcin-153182170,153182170,#76523A,https://images.pexels.com/photos/30816655/pexels-photo-30816655.jpeg,https://images.pexels.com/photos/30816655/pexels-photo-30816655.jpeg?auto=compress&cs=tinysrgb&dpr=2&h=650&w=940,https://images.pexels.com/photos/30816655/pexels-photo-30816655.jpeg?auto=compress&cs=tinysrgb&h=650&w=940,https://images.pexels.com/photos/30816655/pexels-photo-30816655.jpeg?auto=compress&cs=tinysrgb&h=350,https://images.pexels.com/photos/30816655/pexels-photo-30816655.jpeg?auto=compress&cs=tinysrgb&h=130,https://images.pexels.com/photos/30816655/pexels-photo-30816655.jpeg?auto=compress&cs=tinysrgb&fit=crop&h=1200&w=800,https://images.pexels.com/photos/30816655/pexels-photo-30816655.jpeg?auto=compress&cs=tinysrgb&fit=crop&h=627&w=1200,https://images.pexels.com/photos/30816655/pexels-photo-30816655.jpeg?auto=compress&cs=tinysrgb&dpr=1&fit=crop&h=200&w=280,FALSE,"Freshly baked artisan bread on a cutting board with cheese and tomato, perfect for a rustic meal."
30785748,4000,6000,https://www.pexels.com/photo/rustic-bread-with-eggs-and-tomatoes-in-dark-setting-30785748/,Beyza Yalçın,https://www.pexels.com/@beyza-yalcin-153182170,153182170,#453D2A,https://images.pexels.com/photos/30785748/pexels-photo-30785748.jpeg,https://images.pexels.com/photos/30785748/pexels-photo-30785748.jpeg?auto=compress&cs=tinysrgb&dpr=2&h=650&w=940,https://images.pexels.com/photos/30785748/pexels-photo-30785748.jpeg?auto=compress&cs=tinysrgb&h=650&w=940,https://images.pexels.com/photos/30785748/pexels-photo-30785748.jpeg?auto=compress&cs=tinysrgb&h=350,https://images.pexels.com/photos/30785748/pexels-photo-30785748.jpeg?auto=compress&cs=tinysrgb&h=130,https://images.pexels.com/photos/30785748/pexels-photo-30785748.jpeg?auto=compress&cs=tinysrgb&fit=crop&h=1200&w=800,https://images.pexels.com/photos/30785748/pexels-photo-30785748.jpeg?auto=compress&cs=tinysrgb&fit=crop&h=627&w=1200,https://images.pexels.com/photos/30785748/pexels-photo-30785748.jpeg?auto=compress&cs=tinysrgb&dpr=1&fit=crop&h=200&w=280,FALSE,"Artisan bread with eggs and tomatoes, perfect for rustic or homemade food themes."
14653319,5499,3671,https://www.pexels.com/photo/fresh-baguete-in-paper-bag-14653319/,Alina Skazka,https://www.pexels.com/@alinaskazka,174849153,#816951,https://images.pexels.com/photos/14653319/pexels-photo-14653319.jpeg,https://images.pexels.com/photos/14653319/pexels-photo-14653319.jpeg?auto=compress&cs=tinysrgb&dpr=2&h=650&w=940,https://images.pexels.com/photos/14653319/pexels-photo-14653319.jpeg?auto=compress&cs=tinysrgb&h=650&w=940,https://images.pexels.com/photos/14653319/pexels-photo-14653319.jpeg?auto=compress&cs=tinysrgb&h=350,https://images.pexels.com/photos/14653319/pexels-photo-14653319.jpeg?auto=compress&cs=tinysrgb&h=130,https://images.pexels.com/photos/14653319/pexels-photo-14653319.jpeg?auto=compress&cs=tinysrgb&fit=crop&h=1200&w=800,https://images.pexels.com/photos/14653319/pexels-photo-14653319.jpeg?auto=compress&cs=tinysrgb&fit=crop&h=627&w=1200,https://images.pexels.com/photos/14653319/pexels-photo-14653319.jpeg?auto=compress&cs=tinysrgb&dpr=1&fit=crop&h=200&w=280,FALSE,"Close-up of a fresh baguette in a paper bag on a wooden board, showcasing its texture and freshness."
19142261,8192,5464,https://www.pexels.com/photo/close-up-of-a-person-using-a-brush-on-freshly-baked-baguettes-19142261/,K,https://www.pexels.com/@kelly,1179532,#B2826E,https://images.pexels.com/photos/19142261/pexels-photo-19142261.jpeg,https://images.pexels.com/photos/19142261/pexels-photo-19142261.jpeg?auto=compress&cs=tinysrgb&dpr=2&h=650&w=940,https://images.pexels.com/photos/19142261/pexels-photo-19142261.jpeg?auto=compress&cs=tinysrgb&h=650&w=940,https://images.pexels.com/photos/19142261/pexels-photo-19142261.jpeg?auto=compress&cs=tinysrgb&h=350,https://images.pexels.com/photos/19142261/pexels-photo-19142261.jpeg?auto=compress&cs=tinysrgb&h=130,https://images.pexels.com/photos/19142261/pexels-photo-19142261.jpeg?auto=compress&cs=tinysrgb&fit=crop&h=1200&w=800,https://images.pexels.com/photos/19142261/pexels-photo-19142261.jpeg?auto=compress&cs=tinysrgb&fit=crop&h=627&w=1200,https://images.pexels.com/photos/19142261/pexels-photo-19142261.jpeg?auto=compress&cs=tinysrgb&dpr=1&fit=crop&h=200&w=280,FALSE,Freshly baked baguettes being brushed in a bakery setting. Perfect for food and artisan crafts imagery.
36096931,4000,6000,https://www.pexels.com/photo/close-up-of-freshly-baked-artisan-bread-loaves-36096931/,Paola Graphisme,https://www.pexels.com/@paola-graphisme-2159479149,2159479149,#855831,https://images.pexels.com/photos/36096931/pexels-photo-36096931.jpeg,https://images.pexels.com/photos/36096931/pexels-photo-36096931.jpeg?auto=compress&cs=tinysrgb&dpr=2&h=650&w=940,https://images.pexels.com/photos/36096931/pexels-photo-36096931.jpeg?auto=compress&cs=tinysrgb&h=650&w=940,https://images.pexels.com/photos/36096931/pexels-photo-36096931.jpeg?auto=compress&cs=tinysrgb&h=350,https://images.pexels.com/photos/36096931/pexels-photo-36096931.jpeg?auto=compress&cs=tinysrgb&h=130,https://images.pexels.com/photos/36096931/pexels-photo-36096931.jpeg?auto=compress&cs=tinysrgb&fit=crop&h=1200&w=800,https://images.pexels.com/photos/36096931/pexels-photo-36096931.jpeg?auto=compress&cs=tinysrgb&fit=crop&h=627&w=1200,https://images.pexels.com/photos/36096931/pexels-photo-36096931.jpeg?auto=compress&cs=tinysrgb&dpr=1&fit=crop&h=200&w=280,FALSE,Delicious rustic breads with seeds and flour dusting on display. Perfect for baking enthusiasts.
30918880,5305,3537,https://www.pexels.com/photo/artisan-bread-cooling-in-bakery-in-berlin-30918880/,Travel with  Lenses,https://www.pexels.com/@travel-with-lenses-734723610,734723610,#75726D,https://images.pexels.com/photos/30918880/pexels-photo-30918880.jpeg,https://images.pexels.com/photos/30918880/pexels-photo-30918880.jpeg?auto=compress&cs=tinysrgb&dpr=2&h=650&w=940,https://images.pexels.com/photos/30918880/pexels-photo-30918880.jpeg?auto=compress&cs=tinysrgb&h=650&w=940,https://images.pexels.com/photos/30918880/pexels-photo-30918880.jpeg?auto=compress&cs=tinysrgb&h=350,https://images.pexels.com/photos/30918880/pexels-photo-30918880.jpeg?auto=compress&cs=tinysrgb&h=130,https://images.pexels.com/photos/30918880/pexels-photo-30918880.jpeg?auto=compress&cs=tinysrgb&fit=crop&h=1200&w=800,https://images.pexels.com/photos/30918880/pexels-photo-30918880.jpeg?auto=compress&cs=tinysrgb&fit=crop&h=627&w=1200,https://images.pexels.com/photos/30918880/pexels-photo-30918880.jpeg?auto=compress&cs=tinysrgb&dpr=1&fit=crop&h=200&w=280,FALSE,"Artisan bread cooling on a rack in a Berlin bakery, dusted with flour."
14565958,3840,5760,https://www.pexels.com/photo/freshly-baked-goods-14565958/,Taha Samet Arslan,https://www.pexels.com/@tahaasamett,48519573,#A37252,https://images.pexels.com/photos/14565958/pexels-photo-14565958.jpeg,https://images.pexels.com/photos/14565958/pexels-photo-14565958.jpeg?auto=compress&cs=tinysrgb&dpr=2&h=650&w=940,https://images.pexels.com/photos/14565958/pexels-photo-14565958.jpeg?auto=compress&cs=tinysrgb&h=650&w=940,https://images.pexels.com/photos/14565958/pexels-photo-14565958.jpeg?auto=compress&cs=tinysrgb&h=350,https://images.pexels.com/photos/14565958/pexels-photo-14565958.jpeg?auto=compress&cs=tinysrgb&h=130,https://images.pexels.com/photos/14565958/pexels-photo-14565958.jpeg?auto=compress&cs=tinysrgb&fit=crop&h=1200&w=800,https://images.pexels.com/photos/14565958/pexels-photo-14565958.jpeg?auto=compress&cs=tinysrgb&fit=crop&h=627&w=1200,https://images.pexels.com/photos/14565958/pexels-photo-14565958.jpeg?auto=compress&cs=tinysrgb&dpr=1&fit=crop&h=200&w=280,FALSE,"Artisan breads and baguette in a rustic bakery setting, beautifully displayed with natural lighting."
32935773,3024,4032,https://www.pexels.com/photo/close-up-of-rustic-artisan-bread-loaf-32935773/,Alejandro Esquivel,https://www.pexels.com/@alejandro-esquivel-2153302390,2153302390,#926836,https://images.pexels.com/photos/32935773/pexels-photo-32935773.jpeg,https://images.pexels.com/photos/32935773/pexels-photo-32935773.jpeg?auto=compress&cs=tinysrgb&dpr=2&h=650&w=940,https://images.pexels.com/photos/32935773/pexels-photo-32935773.jpeg?auto=compress&cs=tinysrgb&h=650&w=940,https://images.pexels.com/photos/32935773/pexels-photo-32935773.jpeg?auto=compress&cs=tinysrgb&h=350,https://images.pexels.com/photos/32935773/pexels-photo-32935773.jpeg?auto=compress&cs=tinysrgb&h=130,https://images.pexels.com/photos/32935773/pexels-photo-32935773.jpeg?auto=compress&cs=tinysrgb&fit=crop&h=1200&w=800,https://images.pexels.com/photos/32935773/pexels-photo-32935773.jpeg?auto=compress&cs=tinysrgb&fit=crop&h=627&w=1200,https://images.pexels.com/photos/32935773/pexels-photo-32935773.jpeg?auto=compress&cs=tinysrgb&dpr=1&fit=crop&h=200&w=280,FALSE,"Golden artisan bread with decorative scoring, fresh from the oven."
30596423,1728,3072,https://www.pexels.com/photo/stack-of-freshly-baked-bread-loaves-in-bakery-30596423/,Zehra K.,https://www.pexels.com/@zehra-k-710717493,710717493,#261D16,https://images.pexels.com/photos/30596423/pexels-photo-30596423.jpeg,https://images.pexels.com/photos/30596423/pexels-photo-30596423.jpeg?auto=compress&cs=tinysrgb&dpr=2&h=650&w=940,https://images.pexels.com/photos/30596423/pexels-photo-30596423.jpeg?auto=compress&cs=tinysrgb&h=650&w=940,https://images.pexels.com/photos/30596423/pexels-photo-30596423.jpeg?auto=compress&cs=tinysrgb&h=350,https://images.pexels.com/photos/30596423/pexels-photo-30596423.jpeg?auto=compress&cs=tinysrgb&h=130,https://images.pexels.com/photos/30596423/pexels-photo-30596423.jpeg?auto=compress&cs=tinysrgb&fit=crop&h=1200&w=800,https://images.pexels.com/photos/30596423/pexels-photo-30596423.jpeg?auto=compress&cs=tinysrgb&fit=crop&h=627&w=1200,https://images.pexels.com/photos/30596423/pexels-photo-30596423.jpeg?auto=compress&cs=tinysrgb&dpr=1&fit=crop&h=200&w=280,FALSE,"Warmly lit stack of freshly baked bread loaves at a bakery, showcasing rustic artisanal quality."
30816606,4000,6000,https://www.pexels.com/photo/rustic-whole-grain-bread-with-basket-of-eggs-30816606/,Beyza Yalçın,https://www.pexels.com/@beyza-yalcin-153182170,153182170,#443424,https://images.pexels.com/photos/30816606/pexels-photo-30816606.jpeg,https://images.pexels.com/photos/30816606/pexels-photo-30816606.jpeg?auto=compress&cs=tinysrgb&dpr=2&h=650&w=940,https://images.pexels.com/photos/30816606/pexels-photo-30816606.jpeg?auto=compress&cs=tinysrgb&h=650&w=940,https://images.pexels.com/photos/30816606/pexels-photo-30816606.jpeg?auto=compress&cs=tinysrgb&h=350,https://images.pexels.com/photos/30816606/pexels-photo-30816606.jpeg?auto=compress&cs=tinysrgb&h=130,https://images.pexels.com/photos/30816606/pexels-photo-30816606.jpeg?auto=compress&cs=tinysrgb&fit=crop&h=1200&w=800,https://images.pexels.com/photos/30816606/pexels-photo-30816606.jpeg?auto=compress&cs=tinysrgb&fit=crop&h=627&w=1200,https://images.pexels.com/photos/30816606/pexels-photo-30816606.jpeg?auto=compress&cs=tinysrgb&dpr=1&fit=crop&h=200&w=280,FALSE,"Delicious whole grain bread with a rustic touch, paired with fresh eggs in a basket."
30816630,4000,6000,https://www.pexels.com/photo/rustic-bread-loaf-with-cheese-and-tomatoes-30816630/,Beyza Yalçın,https://www.pexels.com/@beyza-yalcin-153182170,153182170,#574030,https://images.pexels.com/photos/30816630/pexels-photo-30816630.jpeg,https://images.pexels.com/photos/30816630/pexels-photo-30816630.jpeg?auto=compress&cs=tinysrgb&dpr=2&h=650&w=940,https://images.pexels.com/photos/30816630/pexels-photo-30816630.jpeg?auto=compress&cs=tinysrgb&h=650&w=940,https://images.pexels.com/photos/30816630/pexels-photo-30816630.jpeg?auto=compress&cs=tinysrgb&h=350,https://images.pexels.com/photos/30816630/pexels-photo-30816630.jpeg?auto=compress&cs=tinysrgb&h=130,https://images.pexels.com/photos/30816630/pexels-photo-30816630.jpeg?auto=compress&cs=tinysrgb&fit=crop&h=1200&w=800,https://images.pexels.com/photos/30816630/pexels-photo-30816630.jpeg?auto=compress&cs=tinysrgb&fit=crop&h=627&w=1200,https://images.pexels.com/photos/30816630/pexels-photo-30816630.jpeg?auto=compress&cs=tinysrgb&dpr=1&fit=crop&h=200&w=280,FALSE,"Freshly baked bread loaf served with cheese and cherry tomatoes, perfect for a rustic meal."
20685039,5184,3456,https://www.pexels.com/photo/top-view-of-bread-on-paper-20685039/,Alexandre Bonato,https://www.pexels.com/@alexandre-bonato-1095140900,1095140900,#744D30,https://images.pexels.com/photos/20685039/pexels-photo-20685039.jpeg,https://images.pexels.com/photos/20685039/pexels-photo-20685039.jpeg?auto=compress&cs=tinysrgb&dpr=2&h=650&w=940,https://images.pexels.com/photos/20685039/pexels-photo-20685039.jpeg?auto=compress&cs=tinysrgb&h=650&w=940,https://images.pexels.com/photos/20685039/pexels-photo-20685039.jpeg?auto=compress&cs=tinysrgb&h=350,https://images.pexels.com/photos/20685039/pexels-photo-20685039.jpeg?auto=compress&cs=tinysrgb&h=130,https://images.pexels.com/photos/20685039/pexels-photo-20685039.jpeg?auto=compress&cs=tinysrgb&fit=crop&h=1200&w=800,https://images.pexels.com/photos/20685039/pexels-photo-20685039.jpeg?auto=compress&cs=tinysrgb&fit=crop&h=627&w=1200,https://images.pexels.com/photos/20685039/pexels-photo-20685039.jpeg?auto=compress&cs=tinysrgb&dpr=1&fit=crop&h=200&w=280,FALSE,"Freshly baked artisanal bread with a golden crust, cooling on a wire rack."
10202998,5304,7426,https://www.pexels.com/photo/close-up-photo-of-freshly-baked-bread-10202998/,cottonbro studio,https://www.pexels.com/@cottonbro,1437723,#45392D,https://images.pexels.com/photos/10202998/pexels-photo-10202998.jpeg,https://images.pexels.com/photos/10202998/pexels-photo-10202998.jpeg?auto=compress&cs=tinysrgb&dpr=2&h=650&w=940,https://images.pexels.com/photos/10202998/pexels-photo-10202998.jpeg?auto=compress&cs=tinysrgb&h=650&w=940,https://images.pexels.com/photos/10202998/pexels-photo-10202998.jpeg?auto=compress&cs=tinysrgb&h=350,https://images.pexels.com/photos/10202998/pexels-photo-10202998.jpeg?auto=compress&cs=tinysrgb&h=130,https://images.pexels.com/photos/10202998/pexels-photo-10202998.jpeg?auto=compress&cs=tinysrgb&fit=crop&h=1200&w=800,https://images.pexels.com/photos/10202998/pexels-photo-10202998.jpeg?auto=compress&cs=tinysrgb&fit=crop&h=627&w=1200,https://images.pexels.com/photos/10202998/pexels-photo-10202998.jpeg?auto=compress&cs=tinysrgb&dpr=1&fit=crop&h=200&w=280,FALSE,A variety of freshly baked artisan bread loaves showcasing textures and grains.
34819157,6049,5542,https://www.pexels.com/photo/artisan-bread-display-in-bali-bakery-34819157/,Tom Fisk,https://www.pexels.com/@tomfisk,3052,#84725C,https://images.pexels.com/photos/34819157/pexels-photo-34819157.jpeg,https://images.pexels.com/photos/34819157/pexels-photo-34819157.jpeg?auto=compress&cs=tinysrgb&dpr=2&h=650&w=940,https://images.pexels.com/photos/34819157/pexels-photo-34819157.jpeg?auto=compress&cs=tinysrgb&h=650&w=940,https://images.pexels.com/photos/34819157/pexels-photo-34819157.jpeg?auto=compress&cs=tinysrgb&h=350,https://images.pexels.com/photos/34819157/pexels-photo-34819157.jpeg?auto=compress&cs=tinysrgb&h=130,https://images.pexels.com/photos/34819157/pexels-photo-34819157.jpeg?auto=compress&cs=tinysrgb&fit=crop&h=1200&w=800,https://images.pexels.com/photos/34819157/pexels-photo-34819157.jpeg?auto=compress&cs=tinysrgb&fit=crop&h=627&w=1200,https://images.pexels.com/photos/34819157/pexels-photo-34819157.jpeg?auto=compress&cs=tinysrgb&dpr=1&fit=crop&h=200&w=280,FALSE,An assortment of artisan bread beautifully arranged on wooden shelves in a Bali bakery.
27165969,3024,4032,https://www.pexels.com/photo/bread-in-bakery-27165969/,Ruxanda Photography,https://www.pexels.com/@ruxanda-photography-1470184397,1470184397,#5A462E,https://images.pexels.com/photos/27165969/pexels-photo-27165969.jpeg,https://images.pexels.com/photos/27165969/pexels-photo-27165969.jpeg?auto=compress&cs=tinysrgb&dpr=2&h=650&w=940,https://images.pexels.com/photos/27165969/pexels-photo-27165969.jpeg?auto=compress&cs=tinysrgb&h=650&w=940,https://images.pexels.com/photos/27165969/pexels-photo-27165969.jpeg?auto=compress&cs=tinysrgb&h=350,https://images.pexels.com/photos/27165969/pexels-photo-27165969.jpeg?auto=compress&cs=tinysrgb&h=130,https://images.pexels.com/photos/27165969/pexels-photo-27165969.jpeg?auto=compress&cs=tinysrgb&fit=crop&h=1200&w=800,https://images.pexels.com/photos/27165969/pexels-photo-27165969.jpeg?auto=compress&cs=tinysrgb&fit=crop&h=627&w=1200,https://images.pexels.com/photos/27165969/pexels-photo-27165969.jpeg?auto=compress&cs=tinysrgb&dpr=1&fit=crop&h=200&w=280,FALSE,Close-up of freshly baked rye loaves resting on wooden shelves in a bakery.
65248,4000,3000,https://www.pexels.com/photo/brown-round-baked-bread-65248/,Pixabay,https://www.pexels.com/@pixabay,2659,#98641B,https://images.pexels.com/photos/65248/bread-flat-bread-food-bread-stamp-65248.jpeg,https://images.pexels.com/photos/65248/bread-flat-bread-food-bread-stamp-65248.jpeg?auto=compress&cs=tinysrgb&dpr=2&h=650&w=940,https://images.pexels.com/photos/65248/bread-flat-bread-food-bread-stamp-65248.jpeg?auto=compress&cs=tinysrgb&h=650&w=940,https://images.pexels.com/photos/65248/bread-flat-bread-food-bread-stamp-65248.jpeg?auto=compress&cs=tinysrgb&h=350,https://images.pexels.com/photos/65248/bread-flat-bread-food-bread-stamp-65248.jpeg?auto=compress&cs=tinysrgb&h=130,https://images.pexels.com/photos/65248/bread-flat-bread-food-bread-stamp-65248.jpeg?auto=compress&cs=tinysrgb&fit=crop&h=1200&w=800,https://images.pexels.com/photos/65248/bread-flat-bread-food-bread-stamp-65248.jpeg?auto=compress&cs=tinysrgb&fit=crop&h=627&w=1200,https://images.pexels.com/photos/65248/bread-flat-bread-food-bread-stamp-65248.jpeg?auto=compress&cs=tinysrgb&dpr=1&fit=crop&h=200&w=280,FALSE,Close-up of freshly baked golden brown bread with floral pattern. Perfect for food blogs and bakery promotions.
16149823,3456,5184,https://www.pexels.com/photo/bread-16149823/,Chrystian Guedez,https://www.pexels.com/@chrystiang,1422239,#927965,https://images.pexels.com/photos/16149823/pexels-photo-16149823.jpeg,https://images.pexels.com/photos/16149823/pexels-photo-16149823.jpeg?auto=compress&cs=tinysrgb&dpr=2&h=650&w=940,https://images.pexels.com/photos/16149823/pexels-photo-16149823.jpeg?auto=compress&cs=tinysrgb&h=650&w=940,https://images.pexels.com/photos/16149823/pexels-photo-16149823.jpeg?auto=compress&cs=tinysrgb&h=350,https://images.pexels.com/photos/16149823/pexels-photo-16149823.jpeg?auto=compress&cs=tinysrgb&h=130,https://images.pexels.com/photos/16149823/pexels-photo-16149823.jpeg?auto=compress&cs=tinysrgb&fit=crop&h=1200&w=800,https://images.pexels.com/photos/16149823/pexels-photo-16149823.jpeg?auto=compress&cs=tinysrgb&fit=crop&h=627&w=1200,https://images.pexels.com/photos/16149823/pexels-photo-16149823.jpeg?auto=compress&cs=tinysrgb&dpr=1&fit=crop&h=200&w=280,FALSE,"Close-up of freshly sliced homemade rye bread on a cutting board, showcasing texture and crispness."
6291410,4120,6180,https://www.pexels.com/photo/close-up-of-pastries-in-a-bakery-6291410/,Anna Shvets,https://www.pexels.com/@shvetsa,1984515,#A39A8D,https://images.pexels.com/photos/6291410/pexels-photo-6291410.jpeg,https://images.pexels.com/photos/6291410/pexels-photo-6291410.jpeg?auto=compress&cs=tinysrgb&dpr=2&h=650&w=940,https://images.pexels.com/photos/6291410/pexels-photo-6291410.jpeg?auto=compress&cs=tinysrgb&h=650&w=940,https://images.pexels.com/photos/6291410/pexels-photo-6291410.jpeg?auto=compress&cs=tinysrgb&h=350,https://images.pexels.com/photos/6291410/pexels-photo-6291410.jpeg?auto=compress&cs=tinysrgb&h=130,https://images.pexels.com/photos/6291410/pexels-photo-6291410.jpeg?auto=compress&cs=tinysrgb&fit=crop&h=1200&w=800,https://images.pexels.com/photos/6291410/pexels-photo-6291410.jpeg?auto=compress&cs=tinysrgb&fit=crop&h=627&w=1200,https://images.pexels.com/photos/6291410/pexels-photo-6291410.jpeg?auto=compress&cs=tinysrgb&dpr=1&fit=crop&h=200&w=280,FALSE,Close-up of freshly baked bread cooling on racks in a bakery.
7333161,4010,6016,https://www.pexels.com/photo/brown-breads-and-wheat-grass-7333161/,Evgeniy Alekseyev,https://www.pexels.com/@shliftik,41703450,#CEB29A,https://images.pexels.com/photos/7333161/pexels-photo-7333161.jpeg,https://images.pexels.com/photos/7333161/pexels-photo-7333161.jpeg?auto=compress&cs=tinysrgb&dpr=2&h=650&w=940,https://images.pexels.com/photos/7333161/pexels-photo-7333161.jpeg?auto=compress&cs=tinysrgb&h=650&w=940,https://images.pexels.com/photos/7333161/pexels-photo-7333161.jpeg?auto=compress&cs=tinysrgb&h=350,https://images.pexels.com/photos/7333161/pexels-photo-7333161.jpeg?auto=compress&cs=tinysrgb&h=130,https://images.pexels.com/photos/7333161/pexels-photo-7333161.jpeg?auto=compress&cs=tinysrgb&fit=crop&h=1200&w=800,https://images.pexels.com/photos/7333161/pexels-photo-7333161.jpeg?auto=compress&cs=tinysrgb&fit=crop&h=627&w=1200,https://images.pexels.com/photos/7333161/pexels-photo-7333161.jpeg?auto=compress&cs=tinysrgb&dpr=1&fit=crop&h=200&w=280,FALSE,Close-up view of artisan breads with wheat in a basket for a rustic food presentation.
18421960,4160,6240,https://www.pexels.com/photo/bread-served-on-breakfast-18421960/,Jah Nomad,https://www.pexels.com/@jah-nomad-602715773,602715773,#AB907F,https://images.pexels.com/photos/18421960/pexels-photo-18421960.jpeg,https://images.pexels.com/photos/18421960/pexels-photo-18421960.jpeg?auto=compress&cs=tinysrgb&dpr=2&h=650&w=940,https://images.pexels.com/photos/18421960/pexels-photo-18421960.jpeg?auto=compress&cs=tinysrgb&h=650&w=940,https://images.pexels.com/photos/18421960/pexels-photo-18421960.jpeg?auto=compress&cs=tinysrgb&h=350,https://images.pexels.com/photos/18421960/pexels-photo-18421960.jpeg?auto=compress&cs=tinysrgb&h=130,https://images.pexels.com/photos/18421960/pexels-photo-18421960.jpeg?auto=compress&cs=tinysrgb&fit=crop&h=1200&w=800,https://images.pexels.com/photos/18421960/pexels-photo-18421960.jpeg?auto=compress&cs=tinysrgb&fit=crop&h=627&w=1200,https://images.pexels.com/photos/18421960/pexels-photo-18421960.jpeg?auto=compress&cs=tinysrgb&dpr=1&fit=crop&h=200&w=280,FALSE,"Delicious artisan bread slices elegantly stacked on a white plate, perfect for breakfast or brunch."
31318384,4825,3217,https://www.pexels.com/photo/freshly-baked-rustic-wholegrain-bread-31318384/,Giovanna Kamimura,https://www.pexels.com/@giovanna-kamimura-399616174,399616174,#9C836D,https://images.pexels.com/photos/31318384/pexels-photo-31318384.jpeg,https://images.pexels.com/photos/31318384/pexels-photo-31318384.jpeg?auto=compress&cs=tinysrgb&dpr=2&h=650&w=940,https://images.pexels.com/photos/31318384/pexels-photo-31318384.jpeg?auto=compress&cs=tinysrgb&h=650&w=940,https://images.pexels.com/photos/31318384/pexels-photo-31318384.jpeg?auto=compress&cs=tinysrgb&h=350,https://images.pexels.com/photos/31318384/pexels-photo-31318384.jpeg?auto=compress&cs=tinysrgb&h=130,https://images.pexels.com/photos/31318384/pexels-photo-31318384.jpeg?auto=compress&cs=tinysrgb&fit=crop&h=1200&w=800,https://images.pexels.com/photos/31318384/pexels-photo-31318384.jpeg?auto=compress&cs=tinysrgb&fit=crop&h=627&w=1200,https://images.pexels.com/photos/31318384/pexels-photo-31318384.jpeg?auto=compress&cs=tinysrgb&dpr=1&fit=crop&h=200&w=280,FALSE,"A loaf of artisanal wholegrain bread, freshly baked and wrapped in parchment paper."
11789792,6240,4160,https://www.pexels.com/photo/close-up-photo-of-bread-slices-11789792/,Mateusz Feliksik,https://www.pexels.com/@mateusz-feliksik-1896604,1896604,#825C35,https://images.pexels.com/photos/11789792/pexels-photo-11789792.jpeg,https://images.pexels.com/photos/11789792/pexels-photo-11789792.jpeg?auto=compress&cs=tinysrgb&dpr=2&h=650&w=940,https://images.pexels.com/photos/11789792/pexels-photo-11789792.jpeg?auto=compress&cs=tinysrgb&h=650&w=940,https://images.pexels.com/photos/11789792/pexels-photo-11789792.jpeg?auto=compress&cs=tinysrgb&h=350,https://images.pexels.com/photos/11789792/pexels-photo-11789792.jpeg?auto=compress&cs=tinysrgb&h=130,https://images.pexels.com/photos/11789792/pexels-photo-11789792.jpeg?auto=compress&cs=tinysrgb&fit=crop&h=1200&w=800,https://images.pexels.com/photos/11789792/pexels-photo-11789792.jpeg?auto=compress&cs=tinysrgb&fit=crop&h=627&w=1200,https://images.pexels.com/photos/11789792/pexels-photo-11789792.jpeg?auto=compress&cs=tinysrgb&dpr=1&fit=crop&h=200&w=280,FALSE,Detailed view of sliced artisan bread with golden crust on wooden board.
30853707,6112,4075,https://www.pexels.com/photo/assorted-artisan-breads-on-display-in-bakery-30853707/,Manish Jain,https://www.pexels.com/@manish-jain-1176829519,1176829519,#604124,https://images.pexels.com/photos/30853707/pexels-photo-30853707.jpeg,https://images.pexels.com/photos/30853707/pexels-photo-30853707.jpeg?auto=compress&cs=tinysrgb&dpr=2&h=650&w=940,https://images.pexels.com/photos/30853707/pexels-photo-30853707.jpeg?auto=compress&cs=tinysrgb&h=650&w=940,https://images.pexels.com/photos/30853707/pexels-photo-30853707.jpeg?auto=compress&cs=tinysrgb&h=350,https://images.pexels.com/photos/30853707/pexels-photo-30853707.jpeg?auto=compress&cs=tinysrgb&h=130,https://images.pexels.com/photos/30853707/pexels-photo-30853707.jpeg?auto=compress&cs=tinysrgb&fit=crop&h=1200&w=800,https://images.pexels.com/photos/30853707/pexels-photo-30853707.jpeg?auto=compress&cs=tinysrgb&fit=crop&h=627&w=1200,https://images.pexels.com/photos/30853707/pexels-photo-30853707.jpeg?auto=compress&cs=tinysrgb&dpr=1&fit=crop&h=200&w=280,FALSE,"Freshly baked artisan breads displayed in a Berlin bakery, emphasizing variety and craftsmanship."
14582736,3456,5184,https://www.pexels.com/photo/brown-bread-in-close-up-shot-14582736/,Doğu Tuncer,https://www.pexels.com/@dogu-tuncer-339534179,339534179,#524B45,https://images.pexels.com/photos/14582736/pexels-photo-14582736.jpeg,https://images.pexels.com/photos/14582736/pexels-photo-14582736.jpeg?auto=compress&cs=tinysrgb&dpr=2&h=650&w=940,https://images.pexels.com/photos/14582736/pexels-photo-14582736.jpeg?auto=compress&cs=tinysrgb&h=650&w=940,https://images.pexels.com/photos/14582736/pexels-photo-14582736.jpeg?auto=compress&cs=tinysrgb&h=350,https://images.pexels.com/photos/14582736/pexels-photo-14582736.jpeg?auto=compress&cs=tinysrgb&h=130,https://images.pexels.com/photos/14582736/pexels-photo-14582736.jpeg?auto=compress&cs=tinysrgb&fit=crop&h=1200&w=800,https://images.pexels.com/photos/14582736/pexels-photo-14582736.jpeg?auto=compress&cs=tinysrgb&fit=crop&h=627&w=1200,https://images.pexels.com/photos/14582736/pexels-photo-14582736.jpeg?auto=compress&cs=tinysrgb&dpr=1&fit=crop&h=200&w=280,FALSE,"Close-up of a golden brown braided loaf sprinkled with sesame seeds, cooling on a floured baking tray."
30785712,4000,6000,https://www.pexels.com/photo/whole-grain-bread-with-fresh-tomatoes-and-eggs-30785712/,Beyza Yalçın,https://www.pexels.com/@beyza-yalcin-153182170,153182170,#5F4725,https://images.pexels.com/photos/30785712/pexels-photo-30785712.jpeg,https://images.pexels.com/photos/30785712/pexels-photo-30785712.jpeg?auto=compress&cs=tinysrgb&dpr=2&h=650&w=940,https://images.pexels.com/photos/30785712/pexels-photo-30785712.jpeg?auto=compress&cs=tinysrgb&h=650&w=940,https://images.pexels.com/photos/30785712/pexels-photo-30785712.jpeg?auto=compress&cs=tinysrgb&h=350,https://images.pexels.com/photos/30785712/pexels-photo-30785712.jpeg?auto=compress&cs=tinysrgb&h=130,https://images.pexels.com/photos/30785712/pexels-photo-30785712.jpeg?auto=compress&cs=tinysrgb&fit=crop&h=1200&w=800,https://images.pexels.com/photos/30785712/pexels-photo-30785712.jpeg?auto=compress&cs=tinysrgb&fit=crop&h=627&w=1200,https://images.pexels.com/photos/30785712/pexels-photo-30785712.jpeg?auto=compress&cs=tinysrgb&dpr=1&fit=crop&h=200&w=280,FALSE,Rustic whole grain bread with cherry tomatoes and eggs in a basket. Perfect for healthy home-baked meals.
19062746,3966,5293,https://www.pexels.com/photo/mouth-watering-delicious-bread-slices-19062746/,Nadin Sh,https://www.pexels.com/@nadin-sh-78971847,78971847,#A98565,https://images.pexels.com/photos/19062746/pexels-photo-19062746.jpeg,https://images.pexels.com/photos/19062746/pexels-photo-19062746.jpeg?auto=compress&cs=tinysrgb&dpr=2&h=650&w=940,https://images.pexels.com/photos/19062746/pexels-photo-19062746.jpeg?auto=compress&cs=tinysrgb&h=650&w=940,https://images.pexels.com/photos/19062746/pexels-photo-19062746.jpeg?auto=compress&cs=tinysrgb&h=350,https://images.pexels.com/photos/19062746/pexels-photo-19062746.jpeg?auto=compress&cs=tinysrgb&h=130,https://images.pexels.com/photos/19062746/pexels-photo-19062746.jpeg?auto=compress&cs=tinysrgb&fit=crop&h=1200&w=800,https://images.pexels.com/photos/19062746/pexels-photo-19062746.jpeg?auto=compress&cs=tinysrgb&fit=crop&h=627&w=1200,https://images.pexels.com/photos/19062746/pexels-photo-19062746.jpeg?auto=compress&cs=tinysrgb&dpr=1&fit=crop&h=200&w=280,FALSE,"A close-up image showing slices of golden-brown crust bread, ready to eat."
1118333,5472,3648,https://www.pexels.com/photo/four-brown-breads-in-brown-wicker-basket-1118333/,Cats Coming,https://www.pexels.com/@catscoming,116286,#AAA6A1,https://images.pexels.com/photos/1118333/pexels-photo-1118333.jpeg,https://images.pexels.com/photos/1118333/pexels-photo-1118333.jpeg?auto=compress&cs=tinysrgb&dpr=2&h=650&w=940,https://images.pexels.com/photos/1118333/pexels-photo-1118333.jpeg?auto=compress&cs=tinysrgb&h=650&w=940,https://images.pexels.com/photos/1118333/pexels-photo-1118333.jpeg?auto=compress&cs=tinysrgb&h=350,https://images.pexels.com/photos/1118333/pexels-photo-1118333.jpeg?auto=compress&cs=tinysrgb&h=130,https://images.pexels.com/photos/1118333/pexels-photo-1118333.jpeg?auto=compress&cs=tinysrgb&fit=crop&h=1200&w=800,https://images.pexels.com/photos/1118333/pexels-photo-1118333.jpeg?auto=compress&cs=tinysrgb&fit=crop&h=627&w=1200,https://images.pexels.com/photos/1118333/pexels-photo-1118333.jpeg?auto=compress&cs=tinysrgb&dpr=1&fit=crop&h=200&w=280,FALSE,Top view of various freshly baked breads in a wicker basket on a marble surface.
34412612,3084,2048,https://www.pexels.com/photo/assorted-artisan-bread-selection-with-herbs-34412612/,Taís Alves,https://www.pexels.com/@tais-alves-1765268295,1765268295,#BD9D77,https://images.pexels.com/photos/34412612/pexels-photo-34412612.jpeg,https://images.pexels.com/photos/34412612/pexels-photo-34412612.jpeg?auto=compress&cs=tinysrgb&dpr=2&h=650&w=940,https://images.pexels.com/photos/34412612/pexels-photo-34412612.jpeg?auto=compress&cs=tinysrgb&h=650&w=940,https://images.pexels.com/photos/34412612/pexels-photo-34412612.jpeg?auto=compress&cs=tinysrgb&h=350,https://images.pexels.com/photos/34412612/pexels-photo-34412612.jpeg?auto=compress&cs=tinysrgb&h=130,https://images.pexels.com/photos/34412612/pexels-photo-34412612.jpeg?auto=compress&cs=tinysrgb&fit=crop&h=1200&w=800,https://images.pexels.com/photos/34412612/pexels-photo-34412612.jpeg?auto=compress&cs=tinysrgb&fit=crop&h=627&w=1200,https://images.pexels.com/photos/34412612/pexels-photo-34412612.jpeg?auto=compress&cs=tinysrgb&dpr=1&fit=crop&h=200&w=280,FALSE,Delicious variety of artisan breads and crackers garnished with fresh rosemary.
33387837,5760,3840,https://www.pexels.com/photo/freshly-baked-bread-loaves-in-warm-bakery-setting-33387837/,Finalchoice,https://www.pexels.com/@finalchoice-147015110,147015110,#4A3B34,https://images.pexels.com/photos/33387837/pexels-photo-33387837.jpeg,https://images.pexels.com/photos/33387837/pexels-photo-33387837.jpeg?auto=compress&cs=tinysrgb&dpr=2&h=650&w=940,https://images.pexels.com/photos/33387837/pexels-photo-33387837.jpeg?auto=compress&cs=tinysrgb&h=650&w=940,https://images.pexels.com/photos/33387837/pexels-photo-33387837.jpeg?auto=compress&cs=tinysrgb&h=350,https://images.pexels.com/photos/33387837/pexels-photo-33387837.jpeg?auto=compress&cs=tinysrgb&h=130,https://images.pexels.com/photos/33387837/pexels-photo-33387837.jpeg?auto=compress&cs=tinysrgb&fit=crop&h=1200&w=800,https://images.pexels.com/photos/33387837/pexels-photo-33387837.jpeg?auto=compress&cs=tinysrgb&fit=crop&h=627&w=1200,https://images.pexels.com/photos/33387837/pexels-photo-33387837.jpeg?auto=compress&cs=tinysrgb&dpr=1&fit=crop&h=200&w=280,FALSE,"Freshly baked bread loaves cooling in a bakery with a warm, inviting atmosphere."
3943177,4000,5618,https://www.pexels.com/photo/person-holding-bread-3943177/,cottonbro studio,https://www.pexels.com/@cottonbro,1437723,#9D958F,https://images.pexels.com/photos/3943177/pexels-photo-3943177.jpeg,https://images.pexels.com/photos/3943177/pexels-photo-3943177.jpeg?auto=compress&cs=tinysrgb&dpr=2&h=650&w=940,https://images.pexels.com/photos/3943177/pexels-photo-3943177.jpeg?auto=compress&cs=tinysrgb&h=650&w=940,https://images.pexels.com/photos/3943177/pexels-photo-3943177.jpeg?auto=compress&cs=tinysrgb&h=350,https://images.pexels.com/photos/3943177/pexels-photo-3943177.jpeg?auto=compress&cs=tinysrgb&h=130,https://images.pexels.com/photos/3943177/pexels-photo-3943177.jpeg?auto=compress&cs=tinysrgb&fit=crop&h=1200&w=800,https://images.pexels.com/photos/3943177/pexels-photo-3943177.jpeg?auto=compress&cs=tinysrgb&fit=crop&h=627&w=1200,https://images.pexels.com/photos/3943177/pexels-photo-3943177.jpeg?auto=compress&cs=tinysrgb&dpr=1&fit=crop&h=200&w=280,FALSE,Close-up of a person breaking a fresh baguette. Homemade bread in brown paper bag.
30816595,4000,6000,https://www.pexels.com/photo/rustic-whole-grain-bread-with-basket-of-eggs-30816595/,Beyza Yalçın,https://www.pexels.com/@beyza-yalcin-153182170,153182170,#7D5C39,https://images.pexels.com/photos/30816595/pexels-photo-30816595.jpeg,https://images.pexels.com/photos/30816595/pexels-photo-30816595.jpeg?auto=compress&cs=tinysrgb&dpr=2&h=650&w=940,https://images.pexels.com/photos/30816595/pexels-photo-30816595.jpeg?auto=compress&cs=tinysrgb&h=650&w=940,https://images.pexels.com/photos/30816595/pexels-photo-30816595.jpeg?auto=compress&cs=tinysrgb&h=350,https://images.pexels.com/photos/30816595/pexels-photo-30816595.jpeg?auto=compress&cs=tinysrgb&h=130,https://images.pexels.com/photos/30816595/pexels-photo-30816595.jpeg?auto=compress&cs=tinysrgb&fit=crop&h=1200&w=800,https://images.pexels.com/photos/30816595/pexels-photo-30816595.jpeg?auto=compress&cs=tinysrgb&fit=crop&h=627&w=1200,https://images.pexels.com/photos/30816595/pexels-photo-30816595.jpeg?auto=compress&cs=tinysrgb&dpr=1&fit=crop&h=200&w=280,FALSE,"Artistic shot of sliced whole grain bread and eggs in a basket, conveying a rustic feel."
30816572,4000,6000,https://www.pexels.com/photo/rustic-bread-on-cutting-board-with-fresh-tomatoes-30816572/,Beyza Yalçın,https://www.pexels.com/@beyza-yalcin-153182170,153182170,#6B4B36,https://images.pexels.com/photos/30816572/pexels-photo-30816572.jpeg,https://images.pexels.com/photos/30816572/pexels-photo-30816572.jpeg?auto=compress&cs=tinysrgb&dpr=2&h=650&w=940,https://images.pexels.com/photos/30816572/pexels-photo-30816572.jpeg?auto=compress&cs=tinysrgb&h=650&w=940,https://images.pexels.com/photos/30816572/pexels-photo-30816572.jpeg?auto=compress&cs=tinysrgb&h=350,https://images.pexels.com/photos/30816572/pexels-photo-30816572.jpeg?auto=compress&cs=tinysrgb&h=130,https://images.pexels.com/photos/30816572/pexels-photo-30816572.jpeg?auto=compress&cs=tinysrgb&fit=crop&h=1200&w=800,https://images.pexels.com/photos/30816572/pexels-photo-30816572.jpeg?auto=compress&cs=tinysrgb&fit=crop&h=627&w=1200,https://images.pexels.com/photos/30816572/pexels-photo-30816572.jpeg?auto=compress&cs=tinysrgb&dpr=1&fit=crop&h=200&w=280,FALSE,Rustic loaf of bread on a wooden board with ripe tomatoes in Istanbul setting.
30624522,3266,4899,https://www.pexels.com/photo/freshly-baked-artisan-bread-on-dark-surface-30624522/,Oktay Köseoğlu,https://www.pexels.com/@oktay-koseoglu-42034955,42034955,#2E2418,https://images.pexels.com/photos/30624522/pexels-photo-30624522.jpeg,https://images.pexels.com/photos/30624522/pexels-photo-30624522.jpeg?auto=compress&cs=tinysrgb&dpr=2&h=650&w=940,https://images.pexels.com/photos/30624522/pexels-photo-30624522.jpeg?auto=compress&cs=tinysrgb&h=650&w=940,https://images.pexels.com/photos/30624522/pexels-photo-30624522.jpeg?auto=compress&cs=tinysrgb&h=350,https://images.pexels.com/photos/30624522/pexels-photo-30624522.jpeg?auto=compress&cs=tinysrgb&h=130,https://images.pexels.com/photos/30624522/pexels-photo-30624522.jpeg?auto=compress&cs=tinysrgb&fit=crop&h=1200&w=800,https://images.pexels.com/photos/30624522/pexels-photo-30624522.jpeg?auto=compress&cs=tinysrgb&fit=crop&h=627&w=1200,https://images.pexels.com/photos/30624522/pexels-photo-30624522.jpeg?auto=compress&cs=tinysrgb&dpr=1&fit=crop&h=200&w=280,FALSE,"Three loaves of artisan bread with flour on a dark background, highlighting rustic texture."
30888612,4672,3115,https://www.pexels.com/photo/freshly-baked-artisan-bread-in-bakery-30888612/,Silvio Pelegrin,https://www.pexels.com/@silviopelegrin,265552046,#4B3C25,https://images.pexels.com/photos/30888612/pexels-photo-30888612.jpeg,https://images.pexels.com/photos/30888612/pexels-photo-30888612.jpeg?auto=compress&cs=tinysrgb&dpr=2&h=650&w=940,https://images.pexels.com/photos/30888612/pexels-photo-30888612.jpeg?auto=compress&cs=tinysrgb&h=650&w=940,https://images.pexels.com/photos/30888612/pexels-photo-30888612.jpeg?auto=compress&cs=tinysrgb&h=350,https://images.pexels.com/photos/30888612/pexels-photo-30888612.jpeg?auto=compress&cs=tinysrgb&h=130,https://images.pexels.com/photos/30888612/pexels-photo-30888612.jpeg?auto=compress&cs=tinysrgb&fit=crop&h=1200&w=800,https://images.pexels.com/photos/30888612/pexels-photo-30888612.jpeg?auto=compress&cs=tinysrgb&fit=crop&h=627&w=1200,https://images.pexels.com/photos/30888612/pexels-photo-30888612.jpeg?auto=compress&cs=tinysrgb&dpr=1&fit=crop&h=200&w=280,FALSE,"Close-up of freshly baked artisan bread in a bakery, exuding warmth and craftsmanship."
30767530,4672,5840,https://www.pexels.com/photo/fresh-artisan-bread-on-rustic-wooden-board-30767530/,Anh Nguyen,https://www.pexels.com/@anh-nguyen-517648218,517648218,#74685C,https://images.pexels.com/photos/30767530/pexels-photo-30767530.jpeg,https://images.pexels.com/photos/30767530/pexels-photo-30767530.jpeg?auto=compress&cs=tinysrgb&dpr=2&h=650&w=940,https://images.pexels.com/photos/30767530/pexels-photo-30767530.jpeg?auto=compress&cs=tinysrgb&h=650&w=940,https://images.pexels.com/photos/30767530/pexels-photo-30767530.jpeg?auto=compress&cs=tinysrgb&h=350,https://images.pexels.com/photos/30767530/pexels-photo-30767530.jpeg?auto=compress&cs=tinysrgb&h=130,https://images.pexels.com/photos/30767530/pexels-photo-30767530.jpeg?auto=compress&cs=tinysrgb&fit=crop&h=1200&w=800,https://images.pexels.com/photos/30767530/pexels-photo-30767530.jpeg?auto=compress&cs=tinysrgb&fit=crop&h=627&w=1200,https://images.pexels.com/photos/30767530/pexels-photo-30767530.jpeg?auto=compress&cs=tinysrgb&dpr=1&fit=crop&h=200&w=280,FALSE,A close-up of a round artisan bread loaf on a rustic wooden board.
221442,5400,3600,https://www.pexels.com/photo/fresh-bread-on-tray-221442/,Clem Onojeghuo,https://www.pexels.com/@conojeghuo,47503,#827D7A,https://images.pexels.com/photos/221442/pexels-photo-221442.jpeg,https://images.pexels.com/photos/221442/pexels-photo-221442.jpeg?auto=compress&cs=tinysrgb&dpr=2&h=650&w=940,https://images.pexels.com/photos/221442/pexels-photo-221442.jpeg?auto=compress&cs=tinysrgb&h=650&w=940,https://images.pexels.com/photos/221442/pexels-photo-221442.jpeg?auto=compress&cs=tinysrgb&h=350,https://images.pexels.com/photos/221442/pexels-photo-221442.jpeg?auto=compress&cs=tinysrgb&h=130,https://images.pexels.com/photos/221442/pexels-photo-221442.jpeg?auto=compress&cs=tinysrgb&fit=crop&h=1200&w=800,https://images.pexels.com/photos/221442/pexels-photo-221442.jpeg?auto=compress&cs=tinysrgb&fit=crop&h=627&w=1200,https://images.pexels.com/photos/221442/pexels-photo-221442.jpeg?auto=compress&cs=tinysrgb&dpr=1&fit=crop&h=200&w=280,FALSE,Loaves of fresh bread on display at a market stall with hand-painted signs.
30853711,4175,6262,https://www.pexels.com/photo/artisan-bread-display-in-a-berlin-bakery-30853711/,Manish Jain,https://www.pexels.com/@manish-jain-1176829519,1176829519,#4A382A,https://images.pexels.com/photos/30853711/pexels-photo-30853711.jpeg,https://images.pexels.com/photos/30853711/pexels-photo-30853711.jpeg?auto=compress&cs=tinysrgb&dpr=2&h=650&w=940,https://images.pexels.com/photos/30853711/pexels-photo-30853711.jpeg?auto=compress&cs=tinysrgb&h=650&w=940,https://images.pexels.com/photos/30853711/pexels-photo-30853711.jpeg?auto=compress&cs=tinysrgb&h=350,https://images.pexels.com/photos/30853711/pexels-photo-30853711.jpeg?auto=compress&cs=tinysrgb&h=130,https://images.pexels.com/photos/30853711/pexels-photo-30853711.jpeg?auto=compress&cs=tinysrgb&fit=crop&h=1200&w=800,https://images.pexels.com/photos/30853711/pexels-photo-30853711.jpeg?auto=compress&cs=tinysrgb&fit=crop&h=627&w=1200,https://images.pexels.com/photos/30853711/pexels-photo-30853711.jpeg?auto=compress&cs=tinysrgb&dpr=1&fit=crop&h=200&w=280,FALSE,Variety of freshly baked artisan bread displayed in a Berlin bakery.
4639034,5304,7952,https://www.pexels.com/photo/smiling-woman-carry-fresh-bread-4639034/,ArtHouse Studio,https://www.pexels.com/@arthousestudio,2766954,#68604F,https://images.pexels.com/photos/4639034/pexels-photo-4639034.jpeg,https://images.pexels.com/photos/4639034/pexels-photo-4639034.jpeg?auto=compress&cs=tinysrgb&dpr=2&h=650&w=940,https://images.pexels.com/photos/4639034/pexels-photo-4639034.jpeg?auto=compress&cs=tinysrgb&h=650&w=940,https://images.pexels.com/photos/4639034/pexels-photo-4639034.jpeg?auto=compress&cs=tinysrgb&h=350,https://images.pexels.com/photos/4639034/pexels-photo-4639034.jpeg?auto=compress&cs=tinysrgb&h=130,https://images.pexels.com/photos/4639034/pexels-photo-4639034.jpeg?auto=compress&cs=tinysrgb&fit=crop&h=1200&w=800,https://images.pexels.com/photos/4639034/pexels-photo-4639034.jpeg?auto=compress&cs=tinysrgb&fit=crop&h=627&w=1200,https://images.pexels.com/photos/4639034/pexels-photo-4639034.jpeg?auto=compress&cs=tinysrgb&dpr=1&fit=crop&h=200&w=280,FALSE,"Smiling woman with long brunette hair holding fresh bread, showcasing bakery delight."
17301617,3456,5184,https://www.pexels.com/photo/freshly-baked-buns-at-the-bakery-display-17301617/,Vinícius Caricatte,https://www.pexels.com/@caricatte,1170741,#BAA27C,https://images.pexels.com/photos/17301617/pexels-photo-17301617.jpeg,https://images.pexels.com/photos/17301617/pexels-photo-17301617.jpeg?auto=compress&cs=tinysrgb&dpr=2&h=650&w=940,https://images.pexels.com/photos/17301617/pexels-photo-17301617.jpeg?auto=compress&cs=tinysrgb&h=650&w=940,https://images.pexels.com/photos/17301617/pexels-photo-17301617.jpeg?auto=compress&cs=tinysrgb&h=350,https://images.pexels.com/photos/17301617/pexels-photo-17301617.jpeg?auto=compress&cs=tinysrgb&h=130,https://images.pexels.com/photos/17301617/pexels-photo-17301617.jpeg?auto=compress&cs=tinysrgb&fit=crop&h=1200&w=800,https://images.pexels.com/photos/17301617/pexels-photo-17301617.jpeg?auto=compress&cs=tinysrgb&fit=crop&h=627&w=1200,https://images.pexels.com/photos/17301617/pexels-photo-17301617.jpeg?auto=compress&cs=tinysrgb&dpr=1&fit=crop&h=200&w=280,FALSE,"A close-up view of freshly baked golden brown bread rolls in a bakery display, highlighting their delicious and fluffy texture."
30853708,4078,6117,https://www.pexels.com/photo/artisan-loaves-in-bakery-display-in-berlin-30853708/,Manish Jain,https://www.pexels.com/@manish-jain-1176829519,1176829519,#86674B,https://images.pexels.com/photos/30853708/pexels-photo-30853708.jpeg,https://images.pexels.com/photos/30853708/pexels-photo-30853708.jpeg?auto=compress&cs=tinysrgb&dpr=2&h=650&w=940,https://images.pexels.com/photos/30853708/pexels-photo-30853708.jpeg?auto=compress&cs=tinysrgb&h=650&w=940,https://images.pexels.com/photos/30853708/pexels-photo-30853708.jpeg?auto=compress&cs=tinysrgb&h=350,https://images.pexels.com/photos/30853708/pexels-photo-30853708.jpeg?auto=compress&cs=tinysrgb&h=130,https://images.pexels.com/photos/30853708/pexels-photo-30853708.jpeg?auto=compress&cs=tinysrgb&fit=crop&h=1200&w=800,https://images.pexels.com/photos/30853708/pexels-photo-30853708.jpeg?auto=compress&cs=tinysrgb&fit=crop&h=627&w=1200,https://images.pexels.com/photos/30853708/pexels-photo-30853708.jpeg?auto=compress&cs=tinysrgb&dpr=1&fit=crop&h=200&w=280,FALSE,Freshly baked artisan loaves on a wooden display in a Berlin bakery.
3973007,6000,4000,https://www.pexels.com/photo/fluffy-brown-bread-on-gray-table-3973007/,Castorly Stock,https://www.pexels.com/@castorlystock,1988778,#6F6355,https://images.pexels.com/photos/3973007/pexels-photo-3973007.jpeg,https://images.pexels.com/photos/3973007/pexels-photo-3973007.jpeg?auto=compress&cs=tinysrgb&dpr=2&h=650&w=940,https://images.pexels.com/photos/3973007/pexels-photo-3973007.jpeg?auto=compress&cs=tinysrgb&h=650&w=940,https://images.pexels.com/photos/3973007/pexels-photo-3973007.jpeg?auto=compress&cs=tinysrgb&h=350,https://images.pexels.com/photos/3973007/pexels-photo-3973007.jpeg?auto=compress&cs=tinysrgb&h=130,https://images.pexels.com/photos/3973007/pexels-photo-3973007.jpeg?auto=compress&cs=tinysrgb&fit=crop&h=1200&w=800,https://images.pexels.com/photos/3973007/pexels-photo-3973007.jpeg?auto=compress&cs=tinysrgb&fit=crop&h=627&w=1200,https://images.pexels.com/photos/3973007/pexels-photo-3973007.jpeg?auto=compress&cs=tinysrgb&dpr=1&fit=crop&h=200&w=280,FALSE,"Close-up of freshly baked crusty breads on a rustic table surface, showcasing texture and craftsmanship."
