id,width,height,url,photographer,photographer_url,photographer_id,avg_color,original,large2x,large,medium,small,portrait,landscape,tiny,liked,alt,aspect_ratio,orientation,describes_bread,mentions_side,mentions_setting,resolution
30350360,4092,6135,https://www.pexels.com/photo/close-up-of-freshly-baked-artisan-bread-loaves-30350360/,Anthony Rahayel,https://www.pexels.com/@anthony-rahayel-125801377,125801377,#624F48,https://images.pexels.com/photos/30350360/pexels-photo-30350360.jpeg,https://images.pexels.com/photos/30350360/pexels-photo-30350360.jpeg?auto=compress&cs=tinysrgb&dpr=2&h=650&w=940,https://images.pexels.com/photos/30350360/pexels-photo-30350360.jpeg?auto=compress&cs=tinysrgb&h=650&w=940,https://images.pexels.com/photos/30350360/pexels-photo-30350360.jpeg?auto=compress&cs=tinysrgb&h=350,https://images.pexels.com/photos/30350360/pexels-photo-30350360.jpeg?auto=compress&cs=tinysrgb&h=130,https://images.pexels.com/photos/30350360/pexels-photo-30350360.jpeg?auto=compress&cs=tinysrgb&fit=crop&h=1200&w=800,https://images.pexels.com/photos/30350360/pexels-photo-30350360.jpeg?auto=compress&cs=tinysrgb&fit=crop&h=627&w=1200,https://images.pexels.com/photos/30350360/pexels-photo-30350360.jpeg?auto=compress&cs=tinysrgb&dpr=1&fit=crop&h=200&w=280,FALSE,"crispy golden-brown artisan bread loaves fresh from the oven, capturing rustic texture.",0.6669926650366749,portrait,TRUE,FALSE,TRUE,25104420
28826563,2560,3840,https://www.pexels.com/photo/fresh-artisan-bread-display-in-bakery-window-28826563/,Ebahir,https://www.pexels.com/@ebahir,1173285862,#795839,https://images.pexels.com/photos/28826563/pexels-photo-28826563.jpeg,https://images.pexels.com/photos/28826563/pexels-photo-28826563.jpeg?auto=compress&cs=tinysrgb&dpr=2&h=650&w=940,https://images.pexels.com/photos/28826563/pexels-photo-28826563.jpeg?auto=compress&cs=tinysrgb&h=650&w=940,https://images.pexels.com/photos/28826563/pexels-photo-28826563.jpeg?auto=compress&cs=tinysrgb&h=350,https://images.pexels.com/photos/28826563/pexels-photo-28826563.jpeg?auto=compress&cs=tinysrgb&h=130,https://images.pexels.com/photos/28826563/pexels-photo-28826563.jpeg?auto=compress&cs=tinysrgb&fit=crop&h=1200&w=800,https://images.pexels.com/photos/28826563/pexels-photo-28826563.jpeg?auto=compress&cs=tinysrgb&fit=crop&h=627&w=1200,https://images.pexels.com/photos/28826563/pexels-photo-28826563.jpeg?auto=compress&cs=tinysrgb&dpr=1&fit=crop&h=200&w=280,FALSE,a rustic display of fresh artisan bread loaves in a bakery window setting.,0.6666666666666666,portrait,TRUE,FALSE,TRUE,9830400
34088834,3186,4780,https://www.pexels.com/photo/freshly-baked-rustic-loaf-on-wooden-paddle-34088834/,Samime Eroğlu,https://www.pexels.com/@samime-eroglu-852630836,852630836,#6B6356,https://images.pexels.com/photos/34088834/pexels-photo-34088834.jpeg,https://images.pexels.com/photos/34088834/pexels-photo-34088834.jpeg?auto=compress&cs=tinysrgb&dpr=2&h=650&w=940,https://images.pexels.com/photos/34088834/pexels-photo-34088834.jpeg?auto=compress&cs=tinysrgb&h=650&w=940,https://images.pexels.com/photos/34088834/pexels-photo-34088834.jpeg?auto=compress&cs=tinysrgb&h=350,https://images.pexels.com/photos/34088834/pexels-photo-34088834.jpeg?auto=compress&cs=tinysrgb&h=130,https://images.pexels.com/photos/34088834/pexels-photo-34088834.jpeg?auto=compress&cs=tinysrgb&fit=crop&h=1200&w=800,https://images.pexels.com/photos/34088834/pexels-photo-34088834.jpeg?auto=compress&cs=tinysrgb&fit=crop&h=627&w=1200,https://images.pexels.com/photos/34088834/pexels-photo-34088834.jpeg?auto=compress&cs=tinysrgb&dpr=1&fit=crop&h=200&w=280,FALSE,"artisan bread loaf on a wooden paddle against rustic backdrop, showcasing craftsmanship in baking.",0.6665271966527196,portrait,TRUE,FALSE,TRUE,15229080
30785870,3364,6000,https://www.pexels.com/photo/artisanal-bread-loaf-on-rustic-flour-table-30785870/,Beyza Yalçın,https://www.pexels.com/@beyza-yalcin-153182170,153182170,#AF9886,https://images.pexels.com/photos/30785870/pexels-photo-30785870.jpeg,https://images.pexels.com/photos/30785870/pexels-photo-30785870.jpeg?auto=compress&cs=tinysrgb&dpr=2&h=650&w=940,https://images.pexels.com/photos/30785870/pexels-photo-30785870.jpeg?auto=compress&cs=tinysrgb&h=650&w=940,https://images.pexels.com/photos/30785870/pexels-photo-30785870.jpeg?auto=compress&cs=tinysrgb&h=350,https://images.pexels.com/photos/30785870/pexels-photo-30785870.jpeg?auto=compress&cs=tinysrgb&h=130,https://images.pexels.com/photos/30785870/pexels-photo-30785870.jpeg?auto=compress&cs=tinysrgb&fit=crop&h=1200&w=800,https://images.pexels.com/photos/30785870/pexels-photo-30785870.jpeg?auto=compress&cs=tinysrgb&fit=crop&h=627&w=1200,https://images.pexels.com/photos/30785870/pexels-photo-30785870.jpeg?auto=compress&cs=tinysrgb&dpr=1&fit=crop&h=200&w=280,FALSE,crusty artisanal bread loaf on a flour-dusted rustic table in a cozy indoor setting.,0.5606666666666666,portrait,TRUE,FALSE,TRUE,20184000
30816633,4000,6000,https://www.pexels.com/photo/rustic-bread-loaf-with-cherry-tomatoes-in-istanbul-30816633/,Beyza Yalçın,https://www.pexels.com/@beyza-yalcin-153182170,153182170,#453D30,https://images.pexels.com/photos/30816633/pexels-photo-30816633.jpeg,https://images.pexels.com/photos/30816633/pexels-photo-30816633.jpeg?auto=compress&cs=tinysrgb&dpr=2&h=650&w=940,https://images.pexels.com/photos/30816633/pexels-photo-30816633.jpeg?auto=compress&cs=tinysrgb&h=650&w=940,https://images.pexels.com/photos/30816633/pexels-photo-30816633.jpeg?auto=compress&cs=tinysrgb&h=350,https://images.pexels.com/photos/30816633/pexels-photo-30816633.jpeg?auto=compress&cs=tinysrgb&h=130,https://images.pexels.com/photos/30816633/pexels-photo-30816633.jpeg?auto=compress&cs=tinysrgb&fit=crop&h=1200&w=800,https://images.pexels.com/photos/30816633/pexels-photo-30816633.jpeg?auto=compress&cs=tinysrgb&fit=crop&h=627&w=1200,https://images.pexels.com/photos/30816633/pexels-photo-30816633.jpeg?auto=compress&cs=tinysrgb&dpr=1&fit=crop&h=200&w=280,FALSE,"freshly baked rustic bread with cherry tomatoes on a burlap cloth, perfect for food lovers.",0.6666666666666666,portrait,TRUE,TRUE,TRUE,24000000
15009979,3401,4929,https://www.pexels.com/photo/bread-in-a-bakery-15009979/,Vladimir  Gladkov,https://www.pexels.com/@vovkapanda,11922532,#8A5D22,https://images.pexels.com/photos/15009979/pexels-photo-15009979.jpeg,https://images.pexels.com/photos/15009979/pexels-photo-15009979.jpeg?auto=compress&cs=tinysrgb&dpr=2&h=650&w=940,https://images.pexels.com/photos/15009979/pexels-photo-15009979.jpeg?auto=compress&cs=tinysrgb&h=650&w=940,https://images.pexels.com/photos/15009979/pexels-photo-15009979.jpeg?auto=compress&cs=tinysrgb&h=350,https://images.pexels.com/photos/15009979/pexels-photo-15009979.jpeg?auto=compress&cs=tinysrgb&h=130,https://images.pexels.com/photos/15009979/pexels-photo-15009979.jpeg?auto=compress&cs=tinysrgb&fit=crop&h=1200&w=800,https://images.pexels.com/photos/15009979/pexels-photo-15009979.jpeg?auto=compress&cs=tinysrgb&fit=crop&h=627&w=1200,https://images.pexels.com/photos/15009979/pexels-photo-15009979.jpeg?auto=compress&cs=tinysrgb&dpr=1&fit=crop&h=200&w=280,FALSE,assorted fresh bread displayed on wooden shelves in a warm-lit bakery.,0.6899979711909109,portrait,TRUE,FALSE,TRUE,16763529
33658031,4000,6000,https://www.pexels.com/photo/freshly-baked-artisan-bread-on-rustic-paper-33658031/,Anhelina Vasylyk,https://www.pexels.com/@anhelina-vasylyk-734724285,734724285,#6A3B1F,https://images.pexels.com/photos/33658031/pexels-photo-33658031.jpeg,https://images.pexels.com/photos/33658031/pexels-photo-33658031.jpeg?auto=compress&cs=tinysrgb&dpr=2&h=650&w=940,https://images.pexels.com/photos/33658031/pexels-photo-33658031.jpeg?auto=compress&cs=tinysrgb&h=650&w=940,https://images.pexels.com/photos/33658031/pexels-photo-33658031.jpeg?auto=compress&cs=tinysrgb&h=350,https://images.pexels.com/photos/33658031/pexels-photo-33658031.jpeg?auto=compress&cs=tinysrgb&h=130,https://images.pexels.com/photos/33658031/pexels-photo-33658031.jpeg?auto=compress&cs=tinysrgb&fit=crop&h=1200&w=800,https://images.pexels.com/photos/33658031/pexels-photo-33658031.jpeg?auto=compress&cs=tinysrgb&fit=crop&h=627&w=1200,https://images.pexels.com/photos/33658031/pexels-photo-33658031.jpeg?auto=compress&cs=tinysrgb&dpr=1&fit=crop&h=200&w=280,FALSE,freshly baked artisan bread loaf on rustic brown paper with a warm golden crust.,0.6666666666666666,portrait,TRUE,FALSE,TRUE,24000000
30785715,4000,6000,https://www.pexels.com/photo/rustic-bread-loaf-with-fresh-tomatoes-and-eggs-30785715/,Beyza Yalçın,https://www.pexels.com/@beyza-yalcin-153182170,153182170,#5A462B,https://images.pexels.com/photos/30785715/pexels-photo-30785715.jpeg,https://images.pexels.com/photos/30785715/pexels-photo-30785715.jpeg?auto=compress&cs=tinysrgb&dpr=2&h=650&w=940,https://images.pexels.com/photos/30785715/pexels-photo-30785715.jpeg?auto=compress&cs=tinysrgb&h=650&w=940,https://images.pexels.com/photos/30785715/pexels-photo-30785715.jpeg?auto=compress&cs=tinysrgb&h=350,https://images.pexels.com/photos/30785715/pexels-photo-30785715.jpeg?auto=compress&cs=tinysrgb&h=130,https://images.pexels.com/photos/30785715/pexels-photo-30785715.jpeg?auto=compress&cs=tinysrgb&fit=crop&h=1200&w=800,https://images.pexels.com/photos/30785715/pexels-photo-30785715.jpeg?auto=compress&cs=tinysrgb&fit=crop&h=627&w=1200,https://images.pexels.com/photos/30785715/pexels-photo-30785715.jpeg?auto=compress&cs=tinysrgb&dpr=1&fit=crop&h=200&w=280,FALSE,"freshly baked rustic bread with tomatoes and eggs in a wicker basket, perfect for farm-to-table themes.",0.6666666666666666,portrait,TRUE,TRUE,TRUE,24000000
30816578,4000,5100,https://www.pexels.com/photo/rustic-loaf-and-cheese-tomato-bruschetta-30816578/,Beyza Yalçın,https://www.pexels.com/@beyza-yalcin-153182170,153182170,#5D3D24,https://images.pexels.com/photos/30816578/pexels-photo-30816578.jpeg,https://images.pexels.com/photos/30816578/pexels-photo-30816578.jpeg?auto=compress&cs=tinysrgb&dpr=2&h=650&w=940,https://images.pexels.com/photos/30816578/pexels-photo-30816578.jpeg?auto=compress&cs=tinysrgb&h=650&w=940,https://images.pexels.com/photos/30816578/pexels-photo-30816578.jpeg?auto=compress&cs=tinysrgb&h=350,https://images.pexels.com/photos/30816578/pexels-photo-30816578.jpeg?auto=compress&cs=tinysrgb&h=130,https://images.pexels.com/photos/30816578/pexels-photo-30816578.jpeg?auto=compress&cs=tinysrgb&fit=crop&h=1200&w=800,https://images.pexels.com/photos/30816578/pexels-photo-30816578.jpeg?auto=compress&cs=tinysrgb&fit=crop&h=627&w=1200,https://images.pexels.com/photos/30816578/pexels-photo-30816578.jpeg?auto=compress&cs=tinysrgb&dpr=1&fit=crop&h=200&w=280,FALSE,artisan loaf with cheese and tomato bruschetta on wooden board.,0.7843137254901961,portrait,TRUE,TRUE,TRUE,20400000
20400380,4023,6035,https://www.pexels.com/photo/bread-on-tray-20400380/,Gera Cejas,https://www.pexels.com/@gera-cejas-3616330,3616330,#786151,https://images.pexels.com/photos/20400380/pexels-photo-20400380.jpeg,https://images.pexels.com/photos/20400380/pexels-photo-20400380.jpeg?auto=compress&cs=tinysrgb&dpr=2&h=650&w=940,https://images.pexels.com/photos/20400380/pexels-photo-20400380.jpeg?auto=compress&cs=tinysrgb&h=650&w=940,https://images.pexels.com/photos/20400380/pexels-photo-20400380.jpeg?auto=compress&cs=tinysrgb&h=350,https://images.pexels.com/photos/20400380/pexels-photo-20400380.jpeg?auto=compress&cs=tinysrgb&h=130,https://images.pexels.com/photos/20400380/pexels-photo-20400380.jpeg?auto=compress&cs=tinysrgb&fit=crop&h=1200&w=800,https://images.pexels.com/photos/20400380/pexels-photo-20400380.jpeg?auto=compress&cs=tinysrgb&fit=crop&h=627&w=1200,https://images.pexels.com/photos/20400380/pexels-photo-20400380.jpeg?auto=compress&cs=tinysrgb&dpr=1&fit=crop&h=200&w=280,FALSE,"fresh artisan sourdough loaves on display in a buenos aires bakery, highlighting rustic texture.",0.6666114333057167,portrait,TRUE,FALSE,TRUE,24278805
29349524,4000,6000,https://www.pexels.com/photo/freshly-baked-bread-rolls-in-vietnamese-bakery-29349524/,Quân Nguyễn,https://www.pexels.com/@quan-nguy-n-1712492518,1712492518,#7B573D,https://images.pexels.com/photos/29349524/pexels-photo-29349524.jpeg,https://images.pexels.com/photos/29349524/pexels-photo-29349524.jpeg?auto=compress&cs=tinysrgb&dpr=2&h=650&w=940,https://images.pexels.com/photos/29349524/pexels-photo-29349524.jpeg?auto=compress&cs=tinysrgb&h=650&w=940,https://images.pexels.com/photos/29349524/pexels-photo-29349524.jpeg?auto=compress&cs=tinysrgb&h=350,https://images.pexels.com/photos/29349524/pexels-photo-29349524.jpeg?auto=compress&cs=tinysrgb&h=130,https://images.pexels.com/photos/29349524/pexels-photo-29349524.jpeg?auto=compress&cs=tinysrgb&fit=crop&h=1200&w=800,https://images.pexels.com/photos/29349524/pexels-photo-29349524.jpeg?auto=compress&cs=tinysrgb&fit=crop&h=627&w=1200,https://images.pexels.com/photos/29349524/pexels-photo-29349524.jpeg?auto=compress&cs=tinysrgb&dpr=1&fit=crop&h=200&w=280,FALSE,"golden fresh bread rolls arranged in a basket at a bakery in hồ chí minh, vietnam.",0.6666666666666666,portrait,TRUE,FALSE,TRUE,24000000
30816655,2336,3504,https://www.pexels.com/photo/artisan-bread-with-cheese-and-tomato-on-rustic-board-30816655/,Beyza Yalçın,https://www.pexels.com/@beyza-yalcin-153182170,153182170,#76523A,https://images.pexels.com/photos/30816655/pexels-photo-30816655.jpeg,https://images.pexels.com/photos/30816655/pexels-photo-30816655.jpeg?auto=compress&cs=tinysrgb&dpr=2&h=650&w=940,https://images.pexels.com/photos/30816655/pexels-photo-30816655.jpeg?auto=compress&cs=tinysrgb&h=650&w=940,https://images.pexels.com/photos/30816655/pexels-photo-30816655.jpeg?auto=compress&cs=tinysrgb&h=350,https://images.pexels.com/photos/30816655/pexels-photo-30816655.jpeg?auto=compress&cs=tinysrgb&h=130,https://images.pexels.com/photos/30816655/pexels-photo-30816655.jpeg?auto=compress&cs=tinysrgb&fit=crop&h=1200&w=800,https://images.pexels.com/photos/30816655/pexels-photo-30816655.jpeg?auto=compress&cs=tinysrgb&fit=crop&h=627&w=1200,https://images.pexels.com/photos/30816655/pexels-photo-30816655.jpeg?auto=compress&cs=tinysrgb&dpr=1&fit=crop&h=200&w=280,FALSE,"freshly baked artisan bread on a cutting board with cheese and tomato, perfect for a rustic meal.",0.6666666666666666,portrait,TRUE,TRUE,TRUE,8185344
30785748,4000,6000,https://www.pexels.com/photo/rustic-bread-with-eggs-and-tomatoes-in-dark-setting-30785748/,Beyza Yalçın,https://www.pexels.com/@beyza-yalcin-153182170,153182170,#453D2A,https://images.pexels.com/photos/30785748/pexels-photo-30785748.jpeg,https://images.pexels.com/photos/30785748/pexels-photo-30785748.jpeg?auto=compress&cs=tinysrgb&dpr=2&h=650&w=940,https://images.pexels.com/photos/30785748/pexels-photo-30785748.jpeg?auto=compress&cs=tinysrgb&h=650&w=940,https://images.pexels.com/photos/30785748/pexels-photo-30785748.jpeg?auto=compress&cs=tinysrgb&h=350,https://images.pexels.com/photos/30785748/pexels-photo-30785748.jpeg?auto=compress&cs=tinysrgb&h=130,https://images.pexels.com/photos/30785748/pexels-photo-30785748.jpeg?auto=compress&cs=tinysrgb&fit=crop&h=1200&w=800,https://images.pexels.com/photos/30785748/pexels-photo-30785748.jpeg?auto=compress&cs=tinysrgb&fit=crop&h=627&w=1200,https://images.pexels.com/photos/30785748/pexels-photo-30785748.jpeg?auto=compress&cs=tinysrgb&dpr=1&fit=crop&h=200&w=280,FALSE,"artisan bread with eggs and tomatoes, perfect for rustic or homemade food themes.",0.6666666666666666,portrait,TRUE,TRUE,TRUE,24000000
14565958,3840,5760,https://www.pexels.com/photo/freshly-baked-goods-14565958/,Taha Samet Arslan,https://www.pexels.com/@tahaasamett,48519573,#A37252,https://images.pexels.com/photos/14565958/pexels-photo-14565958.jpeg,https://images.pexels.com/photos/14565958/pexels-photo-14565958.jpeg?auto=compress&cs=tinysrgb&dpr=2&h=650&w=940,https://images.pexels.com/photos/14565958/pexels-photo-14565958.jpeg?auto=compress&cs=tinysrgb&h=650&w=940,https://images.pexels.com/photos/14565958/pexels-photo-14565958.jpeg?auto=compress&cs=tinysrgb&h=350,https://images.pexels.com/photos/14565958/pexels-photo-14565958.jpeg?auto=compress&cs=tinysrgb&h=130,https://images.pexels.com/photos/14565958/pexels-photo-14565958.jpeg?auto=compress&cs=tinysrgb&fit=crop&h=1200&w=800,https://images.pexels.com/photos/14565958/pexels-photo-14565958.jpeg?auto=compress&cs=tinysrgb&fit=crop&h=627&w=1200,https://images.pexels.com/photos/14565958/pexels-photo-14565958.jpeg?auto=compress&cs=tinysrgb&dpr=1&fit=crop&h=200&w=280,FALSE,"artisan breads and baguette in a rustic bakery setting, beautifully displayed with natural lighting.",0.6666666666666666,portrait,TRUE,FALSE,TRUE,22118400
30596423,1728,3072,https://www.pexels.com/photo/stack-of-freshly-baked-bread-loaves-in-bakery-30596423/,Zehra K.,https://www.pexels.com/@zehra-k-710717493,710717493,#261D16,https://images.pexels.com/photos/30596423/pexels-photo-30596423.jpeg,https://images.pexels.com/photos/30596423/pexels-photo-30596423.jpeg?auto=compress&cs=tinysrgb&dpr=2&h=650&w=940,https://images.pexels.com/photos/30596423/pexels-photo-30596423.jpeg?auto=compress&cs=tinysrgb&h=650&w=940,https://images.pexels.com/photos/30596423/pexels-photo-30596423.jpeg?auto=compress&cs=tinysrgb&h=350,https://images.pexels.com/photos/30596423/pexels-photo-30596423.jpeg?auto=compress&cs=tinysrgb&h=130,https://images.pexels.com/photos/30596423/pexels-photo-30596423.jpeg?auto=compress&cs=tinysrgb&fit=crop&h=1200&w=800,https://images.pexels.com/photos/30596423/pexels-photo-30596423.jpeg?auto=compress&cs=tinysrgb&fit=crop&h=627&w=1200,https://images.pexels.com/photos/30596423/pexels-photo-30596423.jpeg?auto=compress&cs=tinysrgb&dpr=1&fit=crop&h=200&w=280,FALSE,"warmly lit stack of freshly baked bread loaves at a bakery, showcasing rustic artisanal quality.",0.5625,portrait,TRUE,FALSE,TRUE,5308416
30816606,4000,6000,https://www.pexels.com/photo/rustic-whole-grain-bread-with-basket-of-eggs-30816606/,Beyza Yalçın,https://www.pexels.com/@beyza-yalcin-153182170,153182170,#443424,https://images.pexels.com/photos/30816606/pexels-photo-30816606.jpeg,https://images.pexels.com/photos/30816606/pexels-photo-30816606.jpeg?auto=compress&cs=tinysrgb&dpr=2&h=650&w=940,https://images.pexels.com/photos/30816606/pexels-photo-30816606.jpeg?auto=compress&cs=tinysrgb&h=650&w=940,https://images.pexels.com/photos/30816606/pexels-photo-30816606.jpeg?auto=compress&cs=tinysrgb&h=350,https://images.pexels.com/photos/30816606/pexels-photo-30816606.jpeg?auto=compress&cs=tinysrgb&h=130,https://images.pexels.com/photos/30816606/pexels-photo-30816606.jpeg?auto=compress&cs=tinysrgb&fit=crop&h=1200&w=800,https://images.pexels.com/photos/30816606/pexels-photo-30816606.jpeg?auto=compress&cs=tinysrgb&fit=crop&h=627&w=1200,https://images.pexels.com/photos/30816606/pexels-photo-30816606.jpeg?auto=compress&cs=tinysrgb&dpr=1&fit=crop&h=200&w=280,FALSE,"delicious whole grain bread with a rustic touch, paired with fresh eggs in a basket.",0.6666666666666666,portrait,TRUE,FALSE,TRUE,24000000
30816630,4000,6000,https://www.pexels.com/photo/rustic-bread-loaf-with-cheese-and-tomatoes-30816630/,Beyza Yalçın,https://www.pexels.com/@beyza-yalcin-153182170,153182170,#574030,https://images.pexels.com/photos/30816630/pexels-photo-30816630.jpeg,https://images.pexels.com/photos/30816630/pexels-photo-30816630.jpeg?auto=compress&cs=tinysrgb&dpr=2&h=650&w=940,https://images.pexels.com/photos/30816630/pexels-photo-30816630.jpeg?auto=compress&cs=tinysrgb&h=650&w=940,https://images.pexels.com/photos/30816630/pexels-photo-30816630.jpeg?auto=compress&cs=tinysrgb&h=350,https://images.pexels.com/photos/30816630/pexels-photo-30816630.jpeg?auto=compress&cs=tinysrgb&h=130,https://images.pexels.com/photos/30816630/pexels-photo-30816630.jpeg?auto=compress&cs=tinysrgb&fit=crop&h=1200&w=800,https://images.pexels.com/photos/30816630/pexels-photo-30816630.jpeg?auto=compress&cs=tinysrgb&fit=crop&h=627&w=1200,https://images.pexels.com/photos/30816630/pexels-photo-30816630.jpeg?auto=compress&cs=tinysrgb&dpr=1&fit=crop&h=200&w=280,FALSE,"freshly baked bread loaf served with cheese and cherry tomatoes, perfect for a rustic meal.",0.6666666666666666,portrait,TRUE,TRUE,TRUE,24000000
27165969,3024,4032,https://www.pexels.com/photo/bread-in-bakery-27165969/,Ruxanda Photography,https://www.pexels.com/@ruxanda-photography-1470184397,1470184397,#5A462E,https://images.pexels.com/photos/27165969/pexels-photo-27165969.jpeg,https://images.pexels.com/photos/27165969/pexels-photo-27165969.jpeg?auto=compress&cs=tinysrgb&dpr=2&h=650&w=940,https://images.pexels.com/photos/27165969/pexels-photo-27165969.jpeg?auto=compress&cs=tinysrgb&h=650&w=940,https://images.pexels.com/photos/27165969/pexels-photo-27165969.jpeg?auto=compress&cs=tinysrgb&h=350,https://images.pexels.com/photos/27165969/pexels-photo-27165969.jpeg?auto=compress&cs=tinysrgb&h=130,https://images.pexels.com/photos/27165969/pexels-photo-27165969.jpeg?auto=compress&cs=tinysrgb&fit=crop&h=1200&w=800,https://images.pexels.com/photos/27165969/pexels-photo-27165969.jpeg?auto=compress&cs=tinysrgb&fit=crop&h=627&w=1200,https://images.pexels.com/photos/27165969/pexels-photo-27165969.jpeg?auto=compress&cs=tinysrgb&dpr=1&fit=crop&h=200&w=280,FALSE,close-up of freshly baked rye loaves resting on wooden shelves in a bakery.,0.75,portrait,TRUE,FALSE,TRUE,12192768
16149823,3456,5184,https://www.pexels.com/photo/bread-16149823/,Chrystian Guedez,https://www.pexels.com/@chrystiang,1422239,#927965,https://images.pexels.com/photos/16149823/pexels-photo-16149823.jpeg,https://images.pexels.com/photos/16149823/pexels-photo-16149823.jpeg?auto=compress&cs=tinysrgb&dpr=2&h=650&w=940,https://images.pexels.com/photos/16149823/pexels-photo-16149823.jpeg?auto=compress&cs=tinysrgb&h=650&w=940,https://images.pexels.com/photos/16149823/pexels-photo-16149823.jpeg?auto=compress&cs=tinysrgb&h=350,https://images.pexels.com/photos/16149823/pexels-photo-16149823.jpeg?auto=compress&cs=tinysrgb&h=130,https://images.pexels.com/photos/16149823/pexels-photo-16149823.jpeg?auto=compress&cs=tinysrgb&fit=crop&h=1200&w=800,https://images.pexels.com/photos/16149823/pexels-photo-16149823.jpeg?auto=compress&cs=tinysrgb&fit=crop&h=627&w=1200,https://images.pexels.com/photos/16149823/pexels-photo-16149823.jpeg?auto=compress&cs=tinysrgb&dpr=1&fit=crop&h=200&w=280,FALSE,"close-up of freshly sliced homemade rye bread on a cutting board, showcasing texture and crispness.",0.6666666666666666,portrait,TRUE,FALSE,TRUE,17915904
7333161,4010,6016,https://www.pexels.com/photo/brown-breads-and-wheat-grass-7333161/,Evgeniy Alekseyev,https://www.pexels.com/@shliftik,41703450,#CEB29A,https://images.pexels.com/photos/7333161/pexels-photo-7333161.jpeg,https://images.pexels.com/photos/7333161/pexels-photo-7333161.jpeg?auto=compress&cs=tinysrgb&dpr=2&h=650&w=940,https://images.pexels.com/photos/7333161/pexels-photo-7333161.jpeg?auto=compress&cs=tinysrgb&h=650&w=940,https://images.pexels.com/photos/7333161/pexels-photo-7333161.jpeg?auto=compress&cs=tinysrgb&h=350,https://images.pexels.com/photos/7333161/pexels-photo-7333161.jpeg?auto=compress&cs=tinysrgb&h=130,https://images.pexels.com/photos/7333161/pexels-photo-7333161.jpeg?auto=compress&cs=tinysrgb&fit=crop&h=1200&w=800,https://images.pexels.com/photos/7333161/pexels-photo-7333161.jpeg?auto=compress&cs=tinysrgb&fit=crop&h=627&w=1200,https://images.pexels.com/photos/7333161/pexels-photo-7333161.jpeg?auto=compress&cs=tinysrgb&dpr=1&fit=crop&h=200&w=280,FALSE,close-up view of artisan breads with wheat in a basket for a rustic food presentation.,0.6665558510638298,portrait,TRUE,FALSE,TRUE,24124160
30624522,3266,4899,https://www.pexels.com/photo/freshly-baked-artisan-bread-on-dark-surface-30624522/,Oktay Köseoğlu,https://www.pexels.com/@oktay-koseoglu-42034955,42034955,#2E2418,https://images.pexels.com/photos/30624522/pexels-photo-30624522.jpeg,https://images.pexels.com/photos/30624522/pexels-photo-30624522.jpeg?auto=compress&cs=tinysrgb&dpr=2&h=650&w=940,https://images.pexels.com/photos/30624522/pexels-photo-30624522.jpeg?auto=compress&cs=tinysrgb&h=650&w=940,https://images.pexels.com/photos/30624522/pexels-photo-30624522.jpeg?auto=compress&cs=tinysrgb&h=350,https://images.pexels.com/photos/30624522/pexels-photo-30624522.jpeg?auto=compress&cs=tinysrgb&h=130,https://images.pexels.com/photos/30624522/pexels-photo-30624522.jpeg?auto=compress&cs=tinysrgb&fit=crop&h=1200&w=800,https://images.pexels.com/photos/30624522/pexels-photo-30624522.jpeg?auto=compress&cs=tinysrgb&fit=crop&h=627&w=1200,https://images.pexels.com/photos/30624522/pexels-photo-30624522.jpeg?auto=compress&cs=tinysrgb&dpr=1&fit=crop&h=200&w=280,FALSE,"three loaves of artisan bread with flour on a dark background, highlighting rustic texture.",0.6666666666666666,portrait,TRUE,FALSE,TRUE,16000134
30767530,4672,5840,https://www.pexels.com/photo/fresh-artisan-bread-on-rustic-wooden-board-30767530/,Anh Nguyen,https://www.pexels.com/@anh-nguyen-517648218,517648218,#74685C,https://images.pexels.com/photos/30767530/pexels-photo-30767530.jpeg,https://images.pexels.com/photos/30767530/pexels-photo-30767530.jpeg?auto=compress&cs=tinysrgb&dpr=2&h=650&w=940,https://images.pexels.com/photos/30767530/pexels-photo-30767530.jpeg?auto=compress&cs=tinysrgb&h=650&w=940,https://images.pexels.com/photos/30767530/pexels-photo-30767530.jpeg?auto=compress&cs=tinysrgb&h=350,https://images.pexels.com/photos/30767530/pexels-photo-30767530.jpeg?auto=compress&cs=tinysrgb&h=130,https://images.pexels.com/photos/30767530/pexels-photo-30767530.jpeg?auto=compress&cs=tinysrgb&fit=crop&h=1200&w=800,https://images.pexels.com/photos/30767530/pexels-photo-30767530.jpeg?auto=compress&cs=tinysrgb&fit=crop&h=627&w=1200,https://images.pexels.com/photos/30767530/pexels-photo-30767530.jpeg?auto=compress&cs=tinysrgb&dpr=1&fit=crop&h=200&w=280,FALSE,a close-up of a round artisan bread loaf on a rustic wooden board.,0.8,portrait,TRUE,FALSE,TRUE,27284480
30853708,4078,6117,https://www.pexels.com/photo/artisan-loaves-in-bakery-display-in-berlin-30853708/,Manish Jain,https://www.pexels.com/@manish-jain-1176829519,1176829519,#86674B,https://images.pexels.com/photos/30853708/pexels-photo-30853708.jpeg,https://images.pexels.com/photos/30853708/pexels-photo-30853708.jpeg?auto=compress&cs=tinysrgb&dpr=2&h=650&w=940,https://images.pexels.com/photos/30853708/pexels-photo-30853708.jpeg?auto=compress&cs=tinysrgb&h=650&w=940,https://images.pexels.com/photos/30853708/pexels-photo-30853708.jpeg?auto=compress&cs=tinysrgb&h=350,https://images.pexels.com/photos/30853708/pexels-photo-30853708.jpeg?auto=compress&cs=tinysrgb&h=130,https://images.pexels.com/photos/30853708/pexels-photo-30853708.jpeg?auto=compress&cs=tinysrgb&fit=crop&h=1200&w=800,https://images.pexels.com/photos/30853708/pexels-photo-30853708.jpeg?auto=compress&cs=tinysrgb&fit=crop&h=627&w=1200,https://images.pexels.com/photos/30853708/pexels-photo-30853708.jpeg?auto=compress&cs=tinysrgb&dpr=1&fit=crop&h=200&w=280,FALSE,freshly baked artisan loaves on a wooden display in a berlin bakery.,0.6666666666666666,portrait,TRUE,FALSE,TRUE,24945126
